CREATE DATABASE  IF NOT EXISTS `election` /*!40100 DEFAULT CHARACTER SET utf8mb3 COLLATE utf8mb3_unicode_ci */ /*!80016 DEFAULT ENCRYPTION='N' */;
USE `election`;
-- MySQL dump 10.13  Distrib 8.0.45, for Linux (x86_64)
--
-- Host: localhost    Database: election
-- ------------------------------------------------------
-- Server version	8.0.45

/*!40101 SET @OLD_CHARACTER_SET_CLIENT=@@CHARACTER_SET_CLIENT */;
/*!40101 SET @OLD_CHARACTER_SET_RESULTS=@@CHARACTER_SET_RESULTS */;
/*!40101 SET @OLD_COLLATION_CONNECTION=@@COLLATION_CONNECTION */;
/*!50503 SET NAMES utf8 */;
/*!40103 SET @OLD_TIME_ZONE=@@TIME_ZONE */;
/*!40103 SET TIME_ZONE='+00:00' */;
/*!40014 SET @OLD_UNIQUE_CHECKS=@@UNIQUE_CHECKS, UNIQUE_CHECKS=0 */;
/*!40014 SET @OLD_FOREIGN_KEY_CHECKS=@@FOREIGN_KEY_CHECKS, FOREIGN_KEY_CHECKS=0 */;
/*!40101 SET @OLD_SQL_MODE=@@SQL_MODE, SQL_MODE='NO_AUTO_VALUE_ON_ZERO' */;
/*!40111 SET @OLD_SQL_NOTES=@@SQL_NOTES, SQL_NOTES=0 */;

--
-- Table structure for table `admins`
--

DROP TABLE IF EXISTS `admins`;
/*!40101 SET @saved_cs_client     = @@character_set_client */;
/*!50503 SET character_set_client = utf8mb4 */;
CREATE TABLE `admins` (
  `idadmins` int NOT NULL AUTO_INCREMENT,
  `user_code` varchar(45) CHARACTER SET utf8mb3 COLLATE utf8mb3_unicode_ci DEFAULT NULL,
  `profile_code` varchar(45) CHARACTER SET utf8mb3 COLLATE utf8mb3_unicode_ci DEFAULT NULL,
  `status` int DEFAULT NULL,
  `created_at` timestamp NULL DEFAULT CURRENT_TIMESTAMP,
  `updated_at` timestamp NULL DEFAULT CURRENT_TIMESTAMP ON UPDATE CURRENT_TIMESTAMP,
  PRIMARY KEY (`idadmins`)
) ENGINE=InnoDB DEFAULT CHARSET=utf8mb3 COLLATE=utf8mb3_unicode_ci;
/*!40101 SET character_set_client = @saved_cs_client */;

--
-- Dumping data for table `admins`
--

LOCK TABLES `admins` WRITE;
/*!40000 ALTER TABLE `admins` DISABLE KEYS */;
/*!40000 ALTER TABLE `admins` ENABLE KEYS */;
UNLOCK TABLES;

--
-- Table structure for table `candidates`
--

DROP TABLE IF EXISTS `candidates`;
/*!40101 SET @saved_cs_client     = @@character_set_client */;
/*!50503 SET character_set_client = utf8mb4 */;
CREATE TABLE `candidates` (
  `profile_code` varchar(45) CHARACTER SET utf8mb3 COLLATE utf8mb3_unicode_ci NOT NULL,
  `elections_code` varchar(10) CHARACTER SET utf8mb3 COLLATE utf8mb3_unicode_ci NOT NULL,
  `round_number` int NOT NULL,
  `group_code` varchar(10) CHARACTER SET utf8mb3 COLLATE utf8mb3_unicode_ci NOT NULL,
  `candidate_status` tinyint DEFAULT NULL,
  `created_at` timestamp NULL DEFAULT CURRENT_TIMESTAMP,
  `updated_at` timestamp NULL DEFAULT CURRENT_TIMESTAMP ON UPDATE CURRENT_TIMESTAMP,
  PRIMARY KEY (`profile_code`,`elections_code`,`round_number`,`group_code`)
) ENGINE=InnoDB DEFAULT CHARSET=utf8mb3 COLLATE=utf8mb3_unicode_ci;
/*!40101 SET character_set_client = @saved_cs_client */;

--
-- Dumping data for table `candidates`
--

LOCK TABLES `candidates` WRITE;
/*!40000 ALTER TABLE `candidates` DISABLE KEYS */;
INSERT INTO `candidates` VALUES ('101','ele_1',1,'2',2,'2026-05-15 11:32:53','2026-05-15 11:38:43'),('129','ele_1',1,'1',2,'2026-05-15 11:32:53','2026-05-15 11:38:43'),('130','ele_1',1,'1',2,'2026-05-15 11:32:53','2026-05-15 11:38:43'),('134','ele_1',1,'1',1,'2026-05-15 11:32:53','2026-05-15 11:32:53'),('134','ele_1',2,'1',2,'2026-05-15 11:38:43','2026-05-15 11:42:23'),('135','ele_1',1,'1',1,'2026-05-15 11:32:53','2026-05-15 11:32:53'),('135','ele_1',2,'1',2,'2026-05-15 11:38:43','2026-05-15 11:42:23'),('139','ele_1',1,'1',1,'2026-05-15 11:32:53','2026-05-15 11:32:53'),('142','ele_1',1,'1',1,'2026-05-15 11:32:53','2026-05-15 11:32:53'),('142','ele_1',2,'1',1,'2026-05-15 11:38:43','2026-05-15 11:38:43'),('145','ele_1',1,'1',1,'2026-05-15 11:32:53','2026-05-15 11:32:53'),('151','ele_1',1,'1',1,'2026-05-15 11:32:53','2026-05-15 11:32:53'),('152','ele_1',1,'1',1,'2026-05-15 11:32:53','2026-05-15 11:32:53'),('159','ele_1',1,'1',1,'2026-05-15 11:32:53','2026-05-15 11:32:53'),('160','ele_1',1,'1',1,'2026-05-15 11:32:53','2026-05-15 11:32:53'),('161','ele_1',1,'1',1,'2026-05-15 11:32:53','2026-05-15 11:32:53'),('167','ele_1',1,'2',2,'2026-05-15 11:32:53','2026-05-15 11:38:43'),('170','ele_1',1,'2',1,'2026-05-15 11:32:53','2026-05-15 11:32:53'),('173','ele_1',1,'2',1,'2026-05-15 11:32:53','2026-05-15 11:32:53'),('173','ele_1',2,'2',2,'2026-05-15 11:38:43','2026-05-15 11:42:23'),('187','ele_1',1,'1',1,'2026-05-15 11:32:53','2026-05-15 11:32:53'),('22','ele_1',1,'2',1,'2026-05-15 11:32:53','2026-05-15 11:32:53'),('227','ele_1',1,'1',1,'2026-05-15 11:32:53','2026-05-15 11:32:53'),('249','ele_1',1,'2',1,'2026-05-15 11:32:53','2026-05-15 11:32:53'),('257','ele_1',1,'1',1,'2026-05-15 11:32:53','2026-05-15 11:32:53'),('259','ele_1',1,'1',1,'2026-05-15 11:32:53','2026-05-15 11:32:53'),('266','ele_1',1,'1',1,'2026-05-15 11:32:53','2026-05-15 11:32:53'),('267','ele_1',1,'1',1,'2026-05-15 11:32:53','2026-05-15 11:32:53'),('27','ele_1',1,'1',1,'2026-05-15 11:32:53','2026-05-15 11:32:53'),('270','ele_1',1,'1',1,'2026-05-15 11:32:53','2026-05-15 11:32:53'),('274','ele_1',1,'1',1,'2026-05-15 11:32:53','2026-05-15 11:32:53'),('28','ele_1',1,'1',1,'2026-05-15 11:32:53','2026-05-15 11:32:53'),('281','ele_1',1,'1',1,'2026-05-15 11:32:53','2026-05-15 11:32:53'),('282','ele_1',1,'1',1,'2026-05-15 11:32:53','2026-05-15 11:32:53'),('283','ele_1',1,'1',1,'2026-05-15 11:32:53','2026-05-15 11:32:53'),('285','ele_1',1,'1',1,'2026-05-15 11:32:53','2026-05-15 11:32:53'),('287','ele_1',1,'1',1,'2026-05-15 11:32:53','2026-05-15 11:32:53'),('291','ele_1',1,'1',1,'2026-05-15 11:32:53','2026-05-15 11:32:53'),('296','ele_1',1,'1',1,'2026-05-15 11:32:53','2026-05-15 11:32:53'),('30','ele_1',1,'1',1,'2026-05-15 11:32:53','2026-05-15 11:32:53'),('306','ele_1',1,'1',1,'2026-05-15 11:32:53','2026-05-15 11:32:53'),('307','ele_1',1,'1',1,'2026-05-15 11:32:53','2026-05-15 11:32:53'),('316','ele_1',1,'1',1,'2026-05-15 11:32:53','2026-05-15 11:32:53'),('45','ele_1',1,'2',1,'2026-05-15 11:32:53','2026-05-15 11:32:53'),('45','ele_1',2,'2',2,'2026-05-15 11:38:43','2026-05-15 11:42:23'),('5','ele_1',1,'1',1,'2026-05-15 11:32:53','2026-05-15 11:32:53'),('60','ele_1',1,'2',1,'2026-05-15 11:32:53','2026-05-15 11:32:53'),('7','ele_1',1,'1',1,'2026-05-15 11:32:53','2026-05-15 11:32:53'),('9','ele_1',1,'2',1,'2026-05-15 11:32:53','2026-05-15 11:32:53');
/*!40000 ALTER TABLE `candidates` ENABLE KEYS */;
UNLOCK TABLES;

--
-- Table structure for table `candidates_groups`
--

DROP TABLE IF EXISTS `candidates_groups`;
/*!40101 SET @saved_cs_client     = @@character_set_client */;
/*!50503 SET character_set_client = utf8mb4 */;
CREATE TABLE `candidates_groups` (
  `idgroups` bigint NOT NULL AUTO_INCREMENT,
  `group_code` bigint DEFAULT NULL,
  `election_code` varchar(45) CHARACTER SET utf8mb3 COLLATE utf8mb3_unicode_ci DEFAULT NULL,
  `group_name` varchar(45) CHARACTER SET utf8mb3 COLLATE utf8mb3_unicode_ci DEFAULT NULL,
  `win_number` int DEFAULT NULL,
  `created_at` timestamp NULL DEFAULT CURRENT_TIMESTAMP,
  `updated_at` timestamp NULL DEFAULT CURRENT_TIMESTAMP ON UPDATE CURRENT_TIMESTAMP,
  PRIMARY KEY (`idgroups`)
) ENGINE=InnoDB AUTO_INCREMENT=3 DEFAULT CHARSET=utf8mb3 COLLATE=utf8mb3_unicode_ci;
/*!40101 SET character_set_client = @saved_cs_client */;

--
-- Dumping data for table `candidates_groups`
--

LOCK TABLES `candidates_groups` WRITE;
/*!40000 ALTER TABLE `candidates_groups` DISABLE KEYS */;
INSERT INTO `candidates_groups` VALUES (1,1,'ele_1','الذكور',2,'2026-05-15 11:32:53','2026-05-15 11:32:53'),(2,2,'ele_1','الإناث',2,'2026-05-15 11:32:53','2026-05-15 11:32:53');
/*!40000 ALTER TABLE `candidates_groups` ENABLE KEYS */;
UNLOCK TABLES;

--
-- Table structure for table `election_rounds`
--

DROP TABLE IF EXISTS `election_rounds`;
/*!40101 SET @saved_cs_client     = @@character_set_client */;
/*!50503 SET character_set_client = utf8mb4 */;
CREATE TABLE `election_rounds` (
  `idelection_rounds` int NOT NULL AUTO_INCREMENT,
  `election_code` varchar(45) CHARACTER SET utf8mb3 COLLATE utf8mb3_unicode_ci DEFAULT NULL,
  `round_number` int DEFAULT NULL,
  `win_percentage` double DEFAULT NULL,
  `min_win_percentage` double DEFAULT NULL,
  `win_sign` tinyint DEFAULT NULL,
  `round_status` tinyint DEFAULT '0',
  `created_at` timestamp NULL DEFAULT CURRENT_TIMESTAMP,
  `updated_at` timestamp NULL DEFAULT CURRENT_TIMESTAMP ON UPDATE CURRENT_TIMESTAMP,
  PRIMARY KEY (`idelection_rounds`)
) ENGINE=InnoDB AUTO_INCREMENT=3 DEFAULT CHARSET=utf8mb3 COLLATE=utf8mb3_unicode_ci;
/*!40101 SET character_set_client = @saved_cs_client */;

--
-- Dumping data for table `election_rounds`
--

LOCK TABLES `election_rounds` WRITE;
/*!40000 ALTER TABLE `election_rounds` DISABLE KEYS */;
INSERT INTO `election_rounds` VALUES (1,'ele_1',1,50,5,1,2,'2026-05-15 11:32:53','2026-05-15 08:38:43'),(2,'ele_1',2,1,1,1,2,'2026-05-15 11:32:53','2026-05-15 08:42:23');
/*!40000 ALTER TABLE `election_rounds` ENABLE KEYS */;
UNLOCK TABLES;

--
-- Table structure for table `elections`
--

DROP TABLE IF EXISTS `elections`;
/*!40101 SET @saved_cs_client     = @@character_set_client */;
/*!50503 SET character_set_client = utf8mb4 */;
CREATE TABLE `elections` (
  `idelection` int NOT NULL AUTO_INCREMENT,
  `election_code` varchar(45) CHARACTER SET utf8mb3 COLLATE utf8mb3_unicode_ci NOT NULL,
  `election_name` varchar(45) CHARACTER SET utf8mb3 COLLATE utf8mb3_unicode_ci DEFAULT NULL,
  `election_type` int DEFAULT NULL,
  `election_status` int DEFAULT NULL,
  `election_date` datetime DEFAULT NULL,
  `logo` text CHARACTER SET utf8mb3 COLLATE utf8mb3_unicode_ci,
  `win_number` int DEFAULT NULL,
  `created_at` timestamp NULL DEFAULT CURRENT_TIMESTAMP,
  `updated_at` timestamp NULL DEFAULT CURRENT_TIMESTAMP ON UPDATE CURRENT_TIMESTAMP,
  PRIMARY KEY (`idelection`)
) ENGINE=InnoDB AUTO_INCREMENT=2 DEFAULT CHARSET=utf8mb3 COLLATE=utf8mb3_unicode_ci;
/*!40101 SET character_set_client = @saved_cs_client */;

--
-- Dumping data for table `elections`
--

LOCK TABLES `elections` WRITE;
/*!40000 ALTER TABLE `elections` DISABLE KEYS */;
INSERT INTO `elections` VALUES (1,'ele_1','انتخابات مستشارين 2026',2,1,'2026-06-14 00:00:00',NULL,NULL,'2026-05-15 11:32:53','2026-05-15 11:33:06');
/*!40000 ALTER TABLE `elections` ENABLE KEYS */;
UNLOCK TABLES;

--
-- Table structure for table `event_table`
--

DROP TABLE IF EXISTS `event_table`;
/*!40101 SET @saved_cs_client     = @@character_set_client */;
/*!50503 SET character_set_client = utf8mb4 */;
CREATE TABLE `event_table` (
  `prf_code` varchar(45) CHARACTER SET utf8mb3 COLLATE utf8mb3_unicode_ci DEFAULT NULL,
  `user_code` varchar(45) CHARACTER SET utf8mb3 COLLATE utf8mb3_unicode_ci DEFAULT NULL,
  `election_code` varchar(45) CHARACTER SET utf8mb3 COLLATE utf8mb3_unicode_ci DEFAULT NULL,
  `round_number` int DEFAULT NULL,
  `connected` tinyint DEFAULT NULL,
  `loggedin_datetime` datetime NOT NULL DEFAULT CURRENT_TIMESTAMP,
  `loggedout_datetime` datetime DEFAULT NULL ON UPDATE CURRENT_TIMESTAMP,
  `event_description` varchar(45) CHARACTER SET utf8mb3 COLLATE utf8mb3_general_ci NOT NULL,
  `vote_description` varchar(45) CHARACTER SET utf8mb3 COLLATE utf8mb3_unicode_ci DEFAULT NULL,
  `session_handle` varchar(300) CHARACTER SET utf8mb3 COLLATE utf8mb3_unicode_ci NOT NULL,
  `created_at` timestamp NULL DEFAULT CURRENT_TIMESTAMP,
  `updated_at` timestamp NULL DEFAULT CURRENT_TIMESTAMP ON UPDATE CURRENT_TIMESTAMP,
  PRIMARY KEY (`loggedin_datetime`,`event_description`,`session_handle`),
  KEY `ix_sessionkey` (`session_handle`) /*!80000 INVISIBLE */,
  KEY `ix_prfcode` (`prf_code`)
) ENGINE=InnoDB DEFAULT CHARSET=utf8mb3 COLLATE=utf8mb3_unicode_ci;
/*!40101 SET character_set_client = @saved_cs_client */;

--
-- Dumping data for table `event_table`
--

LOCK TABLES `event_table` WRITE;
/*!40000 ALTER TABLE `event_table` DISABLE KEYS */;
INSERT INTO `event_table` VALUES ('185','4800',NULL,NULL,1,'2026-05-15 14:33:38','2026-05-15 14:39:20','login','vote','mmLo6m2CJkQQb6IPDHHwCrZeG5qILVuGe6KLsxw8','2026-05-15 11:33:38','2026-05-15 11:39:20'),('186','5966',NULL,NULL,1,'2026-05-15 14:34:13','2026-05-15 14:34:56','login','vote','l0yT0riQVUV2MHzznN0ltV3f6pPvMlWkyHY33u6I','2026-05-15 11:34:13','2026-05-15 11:34:56'),('257','2345',NULL,NULL,1,'2026-05-15 14:35:00','2026-05-15 14:37:03','login','vote','dtDsXFEgnhKAQb7kUHn2TK4mzCOhhNLvYCUytXiE','2026-05-15 11:35:00','2026-05-15 11:37:03'),('257','2345',NULL,NULL,1,'2026-05-15 14:35:34','2026-05-15 14:37:03','login',NULL,'dtDsXFEgnhKAQb7kUHn2TK4mzCOhhNLvYCUytXiE','2026-05-15 11:35:34','2026-05-15 11:37:03'),('261','2185',NULL,NULL,1,'2026-05-15 14:37:08','2026-05-15 14:37:09','login',NULL,'8q1LwI5VaND5aObvCRrIM5jyrMwx8mYEEiPySGZ3','2026-05-15 11:37:08','2026-05-15 11:37:09'),('263','5381',NULL,NULL,1,'2026-05-15 14:37:34','2026-05-15 14:38:19','login','vote','ijVJv60o4i2ncjobxXXCtgDaJTCk2PWEYFQciFGM','2026-05-15 11:37:34','2026-05-15 11:38:19'),('185','4800',NULL,NULL,1,'2026-05-15 14:39:13','2026-05-15 14:39:20','login',NULL,'mmLo6m2CJkQQb6IPDHHwCrZeG5qILVuGe6KLsxw8','2026-05-15 11:39:13','2026-05-15 11:39:20'),('185','4800',NULL,NULL,1,'2026-05-15 14:39:20',NULL,'login',NULL,'mmLo6m2CJkQQb6IPDHHwCrZeG5qILVuGe6KLsxw8','2026-05-15 11:39:20','2026-05-15 11:39:20'),('263','5381',NULL,NULL,1,'2026-05-15 14:39:54','2026-05-15 11:40:16','login',NULL,'6Ek7StlC9jlXMOskF049MctHafFLLlYhj6fctfRk','2026-05-15 11:39:54','2026-05-15 11:40:16'),('263','5381',NULL,NULL,1,'2026-05-15 14:40:23','2026-05-15 14:43:34','login','vote','PFfZbRLjWG4KssUAZdUdMYkd0o1VFQk2IQRYdkAc','2026-05-15 11:40:23','2026-05-15 11:43:34'),('263','5381',NULL,NULL,1,'2026-05-15 14:41:52','2026-05-15 14:43:34','login','vote','PFfZbRLjWG4KssUAZdUdMYkd0o1VFQk2IQRYdkAc','2026-05-15 11:41:52','2026-05-15 11:43:34'),('superadmin','ACI1',NULL,NULL,1,'2026-05-19 19:52:09',NULL,'login',NULL,'epa3G95FVCRV0DCrslDMjkltJ1ekuYznjdK74Qf2','2026-05-19 16:52:09','2026-05-19 16:52:09');
/*!40000 ALTER TABLE `event_table` ENABLE KEYS */;
UNLOCK TABLES;

--
-- Table structure for table `leader_voter_rel`
--

DROP TABLE IF EXISTS `leader_voter_rel`;
/*!40101 SET @saved_cs_client     = @@character_set_client */;
/*!50503 SET character_set_client = utf8mb4 */;
CREATE TABLE `leader_voter_rel` (
  `idleader_voter_rel` int NOT NULL AUTO_INCREMENT,
  `leader_profile_code` varchar(45) CHARACTER SET utf8mb3 COLLATE utf8mb3_unicode_ci DEFAULT NULL,
  `voter_group_code` varchar(45) CHARACTER SET utf8mb3 COLLATE utf8mb3_unicode_ci DEFAULT NULL,
  `voter_profile_code` varchar(45) CHARACTER SET utf8mb3 COLLATE utf8mb3_unicode_ci DEFAULT NULL,
  `election_code` varchar(45) CHARACTER SET utf8mb3 COLLATE utf8mb3_unicode_ci DEFAULT NULL,
  `created_at` timestamp NULL DEFAULT CURRENT_TIMESTAMP,
  `updated_at` timestamp NULL DEFAULT CURRENT_TIMESTAMP ON UPDATE CURRENT_TIMESTAMP,
  PRIMARY KEY (`idleader_voter_rel`)
) ENGINE=InnoDB AUTO_INCREMENT=320 DEFAULT CHARSET=utf8mb3 COLLATE=utf8mb3_unicode_ci;
/*!40101 SET character_set_client = @saved_cs_client */;

--
-- Dumping data for table `leader_voter_rel`
--

LOCK TABLES `leader_voter_rel` WRITE;
/*!40000 ALTER TABLE `leader_voter_rel` DISABLE KEYS */;
INSERT INTO `leader_voter_rel` VALUES (1,'174','1','1','ele_1','2026-05-15 11:32:53','2026-05-15 11:32:53'),(2,'174','1','2','ele_1','2026-05-15 11:32:53','2026-05-15 11:32:53'),(3,'174','1','3','ele_1','2026-05-15 11:32:53','2026-05-15 11:32:53'),(4,'174','1','4','ele_1','2026-05-15 11:32:53','2026-05-15 11:32:53'),(5,'174','1','5','ele_1','2026-05-15 11:32:53','2026-05-15 11:32:53'),(6,'174','1','6','ele_1','2026-05-15 11:32:53','2026-05-15 11:32:53'),(7,'174','1','7','ele_1','2026-05-15 11:32:53','2026-05-15 11:32:53'),(8,'162','1','8','ele_1','2026-05-15 11:32:53','2026-05-15 11:32:53'),(9,'162','1','9','ele_1','2026-05-15 11:32:53','2026-05-15 11:32:53'),(10,'162','1','10','ele_1','2026-05-15 11:32:53','2026-05-15 11:32:53'),(11,'162','1','11','ele_1','2026-05-15 11:32:53','2026-05-15 11:32:53'),(12,'162','1','12','ele_1','2026-05-15 11:32:53','2026-05-15 11:32:53'),(13,'162','1','13','ele_1','2026-05-15 11:32:53','2026-05-15 11:32:53'),(14,'162','1','14','ele_1','2026-05-15 11:32:53','2026-05-15 11:32:53'),(15,'162','1','15','ele_1','2026-05-15 11:32:53','2026-05-15 11:32:53'),(16,'162','1','16','ele_1','2026-05-15 11:32:53','2026-05-15 11:32:53'),(17,'162','1','17','ele_1','2026-05-15 11:32:53','2026-05-15 11:32:53'),(18,'162','1','18','ele_1','2026-05-15 11:32:53','2026-05-15 11:32:53'),(19,'162','1','19','ele_1','2026-05-15 11:32:53','2026-05-15 11:32:53'),(20,'162','1','20','ele_1','2026-05-15 11:32:53','2026-05-15 11:32:53'),(21,'162','1','21','ele_1','2026-05-15 11:32:53','2026-05-15 11:32:53'),(22,'162','1','22','ele_1','2026-05-15 11:32:53','2026-05-15 11:32:53'),(23,'175','1','23','ele_1','2026-05-15 11:32:53','2026-05-15 11:32:53'),(24,'175','1','24','ele_1','2026-05-15 11:32:53','2026-05-15 11:32:53'),(25,'175','1','25','ele_1','2026-05-15 11:32:53','2026-05-15 11:32:53'),(26,'175','1','26','ele_1','2026-05-15 11:32:53','2026-05-15 11:32:53'),(27,'175','1','27','ele_1','2026-05-15 11:32:53','2026-05-15 11:32:53'),(28,'175','1','28','ele_1','2026-05-15 11:32:53','2026-05-15 11:32:53'),(29,'175','1','29','ele_1','2026-05-15 11:32:53','2026-05-15 11:32:53'),(30,'175','1','30','ele_1','2026-05-15 11:32:53','2026-05-15 11:32:53'),(31,'175','1','31','ele_1','2026-05-15 11:32:53','2026-05-15 11:32:53'),(32,'175','1','32','ele_1','2026-05-15 11:32:53','2026-05-15 11:32:53'),(33,'175','1','33','ele_1','2026-05-15 11:32:53','2026-05-15 11:32:53'),(34,'175','1','34','ele_1','2026-05-15 11:32:53','2026-05-15 11:32:53'),(35,'175','1','35','ele_1','2026-05-15 11:32:53','2026-05-15 11:32:53'),(36,'175','1','36','ele_1','2026-05-15 11:32:53','2026-05-15 11:32:53'),(37,'175','1','37','ele_1','2026-05-15 11:32:53','2026-05-15 11:32:53'),(38,'175','1','38','ele_1','2026-05-15 11:32:53','2026-05-15 11:32:53'),(39,'175','1','39','ele_1','2026-05-15 11:32:53','2026-05-15 11:32:53'),(40,'175','1','40','ele_1','2026-05-15 11:32:53','2026-05-15 11:32:53'),(41,'163','1','41','ele_1','2026-05-15 11:32:53','2026-05-15 11:32:53'),(42,'163','1','42','ele_1','2026-05-15 11:32:53','2026-05-15 11:32:53'),(43,'163','1','43','ele_1','2026-05-15 11:32:53','2026-05-15 11:32:53'),(44,'163','1','44','ele_1','2026-05-15 11:32:53','2026-05-15 11:32:53'),(45,'163','1','45','ele_1','2026-05-15 11:32:53','2026-05-15 11:32:53'),(46,'163','1','46','ele_1','2026-05-15 11:32:53','2026-05-15 11:32:53'),(47,'163','1','47','ele_1','2026-05-15 11:32:53','2026-05-15 11:32:53'),(48,'163','1','48','ele_1','2026-05-15 11:32:53','2026-05-15 11:32:53'),(49,'163','1','49','ele_1','2026-05-15 11:32:53','2026-05-15 11:32:53'),(50,'163','1','50','ele_1','2026-05-15 11:32:53','2026-05-15 11:32:53'),(51,'163','1','51','ele_1','2026-05-15 11:32:53','2026-05-15 11:32:53'),(52,'163','1','52','ele_1','2026-05-15 11:32:53','2026-05-15 11:32:53'),(53,'163','1','53','ele_1','2026-05-15 11:32:53','2026-05-15 11:32:53'),(54,'163','1','54','ele_1','2026-05-15 11:32:53','2026-05-15 11:32:53'),(55,'164','1','55','ele_1','2026-05-15 11:32:53','2026-05-15 11:32:53'),(56,'164','1','56','ele_1','2026-05-15 11:32:53','2026-05-15 11:32:53'),(57,'164','1','57','ele_1','2026-05-15 11:32:53','2026-05-15 11:32:53'),(58,'164','1','58','ele_1','2026-05-15 11:32:53','2026-05-15 11:32:53'),(59,'164','1','59','ele_1','2026-05-15 11:32:53','2026-05-15 11:32:53'),(60,'164','1','60','ele_1','2026-05-15 11:32:53','2026-05-15 11:32:53'),(61,'164','1','61','ele_1','2026-05-15 11:32:53','2026-05-15 11:32:53'),(62,'164','1','62','ele_1','2026-05-15 11:32:53','2026-05-15 11:32:53'),(63,'164','1','63','ele_1','2026-05-15 11:32:53','2026-05-15 11:32:53'),(64,'164','1','64','ele_1','2026-05-15 11:32:53','2026-05-15 11:32:53'),(65,'166','1','65','ele_1','2026-05-15 11:32:53','2026-05-15 11:32:53'),(66,'166','1','66','ele_1','2026-05-15 11:32:53','2026-05-15 11:32:53'),(67,'166','1','67','ele_1','2026-05-15 11:32:53','2026-05-15 11:32:53'),(68,'166','1','68','ele_1','2026-05-15 11:32:53','2026-05-15 11:32:53'),(69,'166','1','69','ele_1','2026-05-15 11:32:53','2026-05-15 11:32:53'),(70,'166','1','70','ele_1','2026-05-15 11:32:53','2026-05-15 11:32:53'),(71,'166','1','71','ele_1','2026-05-15 11:32:53','2026-05-15 11:32:53'),(72,'166','1','72','ele_1','2026-05-15 11:32:53','2026-05-15 11:32:53'),(73,'166','1','73','ele_1','2026-05-15 11:32:53','2026-05-15 11:32:53'),(74,'166','1','74','ele_1','2026-05-15 11:32:53','2026-05-15 11:32:53'),(75,'166','1','75','ele_1','2026-05-15 11:32:53','2026-05-15 11:32:53'),(76,'166','1','76','ele_1','2026-05-15 11:32:53','2026-05-15 11:32:53'),(77,'166','1','77','ele_1','2026-05-15 11:32:53','2026-05-15 11:32:53'),(78,'166','1','78','ele_1','2026-05-15 11:32:53','2026-05-15 11:32:53'),(79,'166','1','79','ele_1','2026-05-15 11:32:53','2026-05-15 11:32:53'),(80,'166','1','80','ele_1','2026-05-15 11:32:53','2026-05-15 11:32:53'),(81,'167','1','81','ele_1','2026-05-15 11:32:53','2026-05-15 11:32:53'),(82,'167','1','82','ele_1','2026-05-15 11:32:53','2026-05-15 11:32:53'),(83,'167','1','83','ele_1','2026-05-15 11:32:53','2026-05-15 11:32:53'),(84,'167','1','84','ele_1','2026-05-15 11:32:53','2026-05-15 11:32:53'),(85,'167','1','85','ele_1','2026-05-15 11:32:53','2026-05-15 11:32:53'),(86,'167','1','86','ele_1','2026-05-15 11:32:53','2026-05-15 11:32:53'),(87,'167','1','87','ele_1','2026-05-15 11:32:53','2026-05-15 11:32:53'),(88,'167','1','88','ele_1','2026-05-15 11:32:53','2026-05-15 11:32:53'),(89,'167','1','89','ele_1','2026-05-15 11:32:53','2026-05-15 11:32:53'),(90,'167','1','90','ele_1','2026-05-15 11:32:53','2026-05-15 11:32:53'),(91,'167','1','91','ele_1','2026-05-15 11:32:53','2026-05-15 11:32:53'),(92,'168','1','92','ele_1','2026-05-15 11:32:53','2026-05-15 11:32:53'),(93,'168','1','93','ele_1','2026-05-15 11:32:53','2026-05-15 11:32:53'),(94,'168','1','94','ele_1','2026-05-15 11:32:53','2026-05-15 11:32:53'),(95,'168','1','95','ele_1','2026-05-15 11:32:53','2026-05-15 11:32:53'),(96,'168','1','96','ele_1','2026-05-15 11:32:53','2026-05-15 11:32:53'),(97,'168','1','97','ele_1','2026-05-15 11:32:53','2026-05-15 11:32:53'),(98,'168','1','98','ele_1','2026-05-15 11:32:53','2026-05-15 11:32:53'),(99,'168','1','99','ele_1','2026-05-15 11:32:53','2026-05-15 11:32:53'),(100,'168','1','100','ele_1','2026-05-15 11:32:53','2026-05-15 11:32:53'),(101,'168','1','101','ele_1','2026-05-15 11:32:53','2026-05-15 11:32:53'),(102,'168','1','102','ele_1','2026-05-15 11:32:53','2026-05-15 11:32:53'),(103,'168','1','103','ele_1','2026-05-15 11:32:53','2026-05-15 11:32:53'),(104,'168','1','104','ele_1','2026-05-15 11:32:53','2026-05-15 11:32:53'),(105,'168','1','105','ele_1','2026-05-15 11:32:53','2026-05-15 11:32:53'),(106,'169','1','106','ele_1','2026-05-15 11:32:53','2026-05-15 11:32:53'),(107,'169','1','107','ele_1','2026-05-15 11:32:53','2026-05-15 11:32:53'),(108,'169','1','108','ele_1','2026-05-15 11:32:53','2026-05-15 11:32:53'),(109,'169','1','109','ele_1','2026-05-15 11:32:53','2026-05-15 11:32:53'),(110,'169','1','110','ele_1','2026-05-15 11:32:53','2026-05-15 11:32:53'),(111,'169','1','111','ele_1','2026-05-15 11:32:53','2026-05-15 11:32:53'),(112,'169','1','112','ele_1','2026-05-15 11:32:53','2026-05-15 11:32:53'),(113,'169','1','113','ele_1','2026-05-15 11:32:53','2026-05-15 11:32:53'),(114,'169','1','114','ele_1','2026-05-15 11:32:53','2026-05-15 11:32:53'),(115,'169','1','115','ele_1','2026-05-15 11:32:53','2026-05-15 11:32:53'),(116,'169','1','116','ele_1','2026-05-15 11:32:53','2026-05-15 11:32:53'),(117,'169','1','117','ele_1','2026-05-15 11:32:53','2026-05-15 11:32:53'),(118,'170','1','118','ele_1','2026-05-15 11:32:53','2026-05-15 11:32:53'),(119,'170','1','119','ele_1','2026-05-15 11:32:53','2026-05-15 11:32:53'),(120,'170','1','120','ele_1','2026-05-15 11:32:53','2026-05-15 11:32:53'),(121,'170','1','121','ele_1','2026-05-15 11:32:53','2026-05-15 11:32:53'),(122,'170','1','122','ele_1','2026-05-15 11:32:53','2026-05-15 11:32:53'),(123,'170','1','123','ele_1','2026-05-15 11:32:53','2026-05-15 11:32:53'),(124,'170','1','124','ele_1','2026-05-15 11:32:53','2026-05-15 11:32:53'),(125,'170','1','125','ele_1','2026-05-15 11:32:53','2026-05-15 11:32:53'),(126,'170','1','126','ele_1','2026-05-15 11:32:53','2026-05-15 11:32:53'),(127,'170','1','127','ele_1','2026-05-15 11:32:53','2026-05-15 11:32:53'),(128,'170','1','128','ele_1','2026-05-15 11:32:53','2026-05-15 11:32:53'),(129,'176','1','129','ele_1','2026-05-15 11:32:53','2026-05-15 11:32:53'),(130,'176','1','130','ele_1','2026-05-15 11:32:53','2026-05-15 11:32:53'),(131,'176','1','131','ele_1','2026-05-15 11:32:53','2026-05-15 11:32:53'),(132,'176','1','132','ele_1','2026-05-15 11:32:53','2026-05-15 11:32:53'),(133,'176','1','133','ele_1','2026-05-15 11:32:53','2026-05-15 11:32:53'),(134,'176','1','134','ele_1','2026-05-15 11:32:53','2026-05-15 11:32:53'),(135,'176','1','135','ele_1','2026-05-15 11:32:53','2026-05-15 11:32:53'),(136,'176','1','136','ele_1','2026-05-15 11:32:53','2026-05-15 11:32:53'),(137,'176','1','137','ele_1','2026-05-15 11:32:53','2026-05-15 11:32:53'),(138,'176','1','138','ele_1','2026-05-15 11:32:53','2026-05-15 11:32:53'),(139,'176','1','139','ele_1','2026-05-15 11:32:53','2026-05-15 11:32:53'),(140,'176','1','140','ele_1','2026-05-15 11:32:53','2026-05-15 11:32:53'),(141,'177','1','141','ele_1','2026-05-15 11:32:53','2026-05-15 11:32:53'),(142,'177','1','142','ele_1','2026-05-15 11:32:53','2026-05-15 11:32:53'),(143,'177','1','143','ele_1','2026-05-15 11:32:53','2026-05-15 11:32:53'),(144,'177','1','144','ele_1','2026-05-15 11:32:53','2026-05-15 11:32:53'),(145,'177','1','145','ele_1','2026-05-15 11:32:53','2026-05-15 11:32:53'),(146,'177','1','146','ele_1','2026-05-15 11:32:53','2026-05-15 11:32:53'),(147,'177','1','147','ele_1','2026-05-15 11:32:53','2026-05-15 11:32:53'),(148,'177','1','148','ele_1','2026-05-15 11:32:53','2026-05-15 11:32:53'),(149,'177','1','149','ele_1','2026-05-15 11:32:53','2026-05-15 11:32:53'),(150,'177','1','150','ele_1','2026-05-15 11:32:53','2026-05-15 11:32:53'),(151,'177','1','151','ele_1','2026-05-15 11:32:53','2026-05-15 11:32:53'),(152,'178','1','152','ele_1','2026-05-15 11:32:53','2026-05-15 11:32:53'),(153,'178','1','153','ele_1','2026-05-15 11:32:53','2026-05-15 11:32:53'),(154,'178','1','154','ele_1','2026-05-15 11:32:53','2026-05-15 11:32:53'),(155,'178','1','155','ele_1','2026-05-15 11:32:53','2026-05-15 11:32:53'),(156,'178','1','156','ele_1','2026-05-15 11:32:53','2026-05-15 11:32:53'),(157,'178','1','157','ele_1','2026-05-15 11:32:53','2026-05-15 11:32:53'),(158,'178','1','158','ele_1','2026-05-15 11:32:53','2026-05-15 11:32:53'),(159,'178','1','159','ele_1','2026-05-15 11:32:53','2026-05-15 11:32:53'),(160,'178','1','160','ele_1','2026-05-15 11:32:53','2026-05-15 11:32:53'),(161,'178','1','161','ele_1','2026-05-15 11:32:53','2026-05-15 11:32:53'),(162,'180','1','162','ele_1','2026-05-15 11:32:53','2026-05-15 11:32:53'),(163,'180','1','163','ele_1','2026-05-15 11:32:53','2026-05-15 11:32:53'),(164,'180','1','164','ele_1','2026-05-15 11:32:53','2026-05-15 11:32:53'),(165,'180','1','165','ele_1','2026-05-15 11:32:53','2026-05-15 11:32:53'),(166,'180','1','166','ele_1','2026-05-15 11:32:53','2026-05-15 11:32:53'),(167,'180','1','167','ele_1','2026-05-15 11:32:53','2026-05-15 11:32:53'),(168,'180','1','168','ele_1','2026-05-15 11:32:53','2026-05-15 11:32:53'),(169,'180','1','169','ele_1','2026-05-15 11:32:53','2026-05-15 11:32:53'),(170,'180','1','170','ele_1','2026-05-15 11:32:53','2026-05-15 11:32:53'),(171,'180','1','171','ele_1','2026-05-15 11:32:53','2026-05-15 11:32:53'),(172,'180','1','172','ele_1','2026-05-15 11:32:53','2026-05-15 11:32:53'),(173,'180','1','173','ele_1','2026-05-15 11:32:53','2026-05-15 11:32:53'),(174,'180','1','174','ele_1','2026-05-15 11:32:53','2026-05-15 11:32:53'),(175,'180','1','175','ele_1','2026-05-15 11:32:53','2026-05-15 11:32:53'),(176,'180','1','176','ele_1','2026-05-15 11:32:53','2026-05-15 11:32:53'),(177,'180','1','177','ele_1','2026-05-15 11:32:53','2026-05-15 11:32:53'),(178,'180','1','178','ele_1','2026-05-15 11:32:53','2026-05-15 11:32:53'),(179,'180','1','179','ele_1','2026-05-15 11:32:53','2026-05-15 11:32:53'),(180,'180','1','180','ele_1','2026-05-15 11:32:53','2026-05-15 11:32:53'),(181,'180','1','181','ele_1','2026-05-15 11:32:53','2026-05-15 11:32:53'),(182,'180','1','182','ele_1','2026-05-15 11:32:53','2026-05-15 11:32:53'),(183,'180','1','183','ele_1','2026-05-15 11:32:53','2026-05-15 11:32:53'),(184,'180','1','184','ele_1','2026-05-15 11:32:53','2026-05-15 11:32:53'),(185,'180','1','185','ele_1','2026-05-15 11:32:53','2026-05-15 11:32:53'),(186,'180','1','186','ele_1','2026-05-15 11:32:53','2026-05-15 11:32:53'),(187,'180','1','187','ele_1','2026-05-15 11:32:53','2026-05-15 11:32:53'),(188,'180','1','188','ele_1','2026-05-15 11:32:53','2026-05-15 11:32:53'),(189,'180','1','189','ele_1','2026-05-15 11:32:53','2026-05-15 11:32:53'),(190,'181','1','190','ele_1','2026-05-15 11:32:53','2026-05-15 11:32:53'),(191,'181','1','191','ele_1','2026-05-15 11:32:53','2026-05-15 11:32:53'),(192,'181','1','192','ele_1','2026-05-15 11:32:53','2026-05-15 11:32:53'),(193,'181','1','193','ele_1','2026-05-15 11:32:53','2026-05-15 11:32:53'),(194,'181','1','194','ele_1','2026-05-15 11:32:53','2026-05-15 11:32:53'),(195,'181','1','195','ele_1','2026-05-15 11:32:53','2026-05-15 11:32:53'),(196,'181','1','196','ele_1','2026-05-15 11:32:53','2026-05-15 11:32:53'),(197,'182','1','197','ele_1','2026-05-15 11:32:53','2026-05-15 11:32:53'),(198,'182','1','198','ele_1','2026-05-15 11:32:53','2026-05-15 11:32:53'),(199,'182','1','199','ele_1','2026-05-15 11:32:53','2026-05-15 11:32:53'),(200,'182','1','200','ele_1','2026-05-15 11:32:53','2026-05-15 11:32:53'),(201,'182','1','201','ele_1','2026-05-15 11:32:53','2026-05-15 11:32:53'),(202,'182','1','202','ele_1','2026-05-15 11:32:53','2026-05-15 11:32:53'),(203,'182','1','203','ele_1','2026-05-15 11:32:53','2026-05-15 11:32:53'),(204,'182','1','204','ele_1','2026-05-15 11:32:53','2026-05-15 11:32:53'),(205,'182','1','205','ele_1','2026-05-15 11:32:53','2026-05-15 11:32:53'),(206,'182','1','206','ele_1','2026-05-15 11:32:53','2026-05-15 11:32:53'),(207,'183','1','207','ele_1','2026-05-15 11:32:53','2026-05-15 11:32:53'),(208,'183','1','208','ele_1','2026-05-15 11:32:53','2026-05-15 11:32:53'),(209,'183','1','209','ele_1','2026-05-15 11:32:53','2026-05-15 11:32:53'),(210,'183','1','210','ele_1','2026-05-15 11:32:53','2026-05-15 11:32:53'),(211,'183','1','211','ele_1','2026-05-15 11:32:53','2026-05-15 11:32:53'),(212,'183','1','212','ele_1','2026-05-15 11:32:53','2026-05-15 11:32:53'),(213,'183','1','213','ele_1','2026-05-15 11:32:53','2026-05-15 11:32:53'),(214,'183','1','214','ele_1','2026-05-15 11:32:53','2026-05-15 11:32:53'),(215,'184','1','215','ele_1','2026-05-15 11:32:53','2026-05-15 11:32:53'),(216,'184','1','216','ele_1','2026-05-15 11:32:53','2026-05-15 11:32:53'),(217,'184','1','217','ele_1','2026-05-15 11:32:53','2026-05-15 11:32:53'),(218,'184','1','218','ele_1','2026-05-15 11:32:53','2026-05-15 11:32:53'),(219,'184','1','219','ele_1','2026-05-15 11:32:53','2026-05-15 11:32:53'),(220,'184','1','220','ele_1','2026-05-15 11:32:53','2026-05-15 11:32:53'),(221,'184','1','221','ele_1','2026-05-15 11:32:53','2026-05-15 11:32:53'),(222,'184','1','222','ele_1','2026-05-15 11:32:53','2026-05-15 11:32:53'),(223,'184','1','223','ele_1','2026-05-15 11:32:53','2026-05-15 11:32:53'),(224,'184','1','224','ele_1','2026-05-15 11:32:53','2026-05-15 11:32:53'),(225,'184','1','225','ele_1','2026-05-15 11:32:53','2026-05-15 11:32:53'),(226,'184','1','226','ele_1','2026-05-15 11:32:53','2026-05-15 11:32:53'),(227,'184','1','227','ele_1','2026-05-15 11:32:53','2026-05-15 11:32:53'),(228,'171','1','228','ele_1','2026-05-15 11:32:53','2026-05-15 11:32:53'),(229,'171','1','229','ele_1','2026-05-15 11:32:53','2026-05-15 11:32:53'),(230,'171','1','230','ele_1','2026-05-15 11:32:53','2026-05-15 11:32:53'),(231,'171','1','231','ele_1','2026-05-15 11:32:53','2026-05-15 11:32:53'),(232,'171','1','232','ele_1','2026-05-15 11:32:53','2026-05-15 11:32:53'),(233,'171','1','233','ele_1','2026-05-15 11:32:53','2026-05-15 11:32:53'),(234,'171','1','234','ele_1','2026-05-15 11:32:53','2026-05-15 11:32:53'),(235,'171','1','235','ele_1','2026-05-15 11:32:53','2026-05-15 11:32:53'),(236,'171','1','236','ele_1','2026-05-15 11:32:53','2026-05-15 11:32:53'),(237,'171','1','237','ele_1','2026-05-15 11:32:53','2026-05-15 11:32:53'),(238,'171','1','238','ele_1','2026-05-15 11:32:53','2026-05-15 11:32:53'),(239,'171','1','239','ele_1','2026-05-15 11:32:53','2026-05-15 11:32:53'),(240,'171','1','240','ele_1','2026-05-15 11:32:53','2026-05-15 11:32:53'),(241,'171','1','241','ele_1','2026-05-15 11:32:53','2026-05-15 11:32:53'),(242,'171','1','242','ele_1','2026-05-15 11:32:53','2026-05-15 11:32:53'),(243,'172','1','243','ele_1','2026-05-15 11:32:53','2026-05-15 11:32:53'),(244,'172','1','244','ele_1','2026-05-15 11:32:53','2026-05-15 11:32:53'),(245,'172','1','245','ele_1','2026-05-15 11:32:53','2026-05-15 11:32:53'),(246,'172','1','246','ele_1','2026-05-15 11:32:53','2026-05-15 11:32:53'),(247,'172','1','247','ele_1','2026-05-15 11:32:53','2026-05-15 11:32:53'),(248,'172','1','248','ele_1','2026-05-15 11:32:53','2026-05-15 11:32:53'),(249,'172','1','249','ele_1','2026-05-15 11:32:53','2026-05-15 11:32:53'),(250,'172','1','250','ele_1','2026-05-15 11:32:53','2026-05-15 11:32:53'),(251,'172','1','251','ele_1','2026-05-15 11:32:53','2026-05-15 11:32:53'),(252,'172','1','252','ele_1','2026-05-15 11:32:53','2026-05-15 11:32:53'),(253,'172','1','253','ele_1','2026-05-15 11:32:53','2026-05-15 11:32:53'),(254,'172','1','254','ele_1','2026-05-15 11:32:53','2026-05-15 11:32:53'),(255,'172','1','255','ele_1','2026-05-15 11:32:53','2026-05-15 11:32:53'),(256,'172','1','256','ele_1','2026-05-15 11:32:53','2026-05-15 11:32:53'),(257,'185','1','257','ele_1','2026-05-15 11:32:53','2026-05-15 11:32:53'),(258,'185','1','258','ele_1','2026-05-15 11:32:53','2026-05-15 11:32:53'),(259,'185','1','259','ele_1','2026-05-15 11:32:53','2026-05-15 11:32:53'),(260,'185','1','260','ele_1','2026-05-15 11:32:53','2026-05-15 11:32:53'),(261,'185','1','261','ele_1','2026-05-15 11:32:53','2026-05-15 11:32:53'),(262,'185','1','262','ele_1','2026-05-15 11:32:53','2026-05-15 11:32:53'),(263,'185','1','263','ele_1','2026-05-15 11:32:53','2026-05-15 11:32:53'),(264,'185','1','264','ele_1','2026-05-15 11:32:53','2026-05-15 11:32:53'),(265,'185','1','265','ele_1','2026-05-15 11:32:53','2026-05-15 11:32:53'),(266,'185','1','266','ele_1','2026-05-15 11:32:53','2026-05-15 11:32:53'),(267,'185','1','267','ele_1','2026-05-15 11:32:53','2026-05-15 11:32:53'),(268,'185','1','268','ele_1','2026-05-15 11:32:53','2026-05-15 11:32:53'),(269,'185','1','269','ele_1','2026-05-15 11:32:53','2026-05-15 11:32:53'),(270,'186','1','270','ele_1','2026-05-15 11:32:53','2026-05-15 11:32:53'),(271,'186','1','271','ele_1','2026-05-15 11:32:53','2026-05-15 11:32:53'),(272,'186','1','272','ele_1','2026-05-15 11:32:53','2026-05-15 11:32:53'),(273,'186','1','273','ele_1','2026-05-15 11:32:53','2026-05-15 11:32:53'),(274,'186','1','274','ele_1','2026-05-15 11:32:53','2026-05-15 11:32:53'),(275,'186','1','275','ele_1','2026-05-15 11:32:53','2026-05-15 11:32:53'),(276,'186','1','276','ele_1','2026-05-15 11:32:53','2026-05-15 11:32:53'),(277,'186','1','277','ele_1','2026-05-15 11:32:53','2026-05-15 11:32:53'),(278,'186','1','278','ele_1','2026-05-15 11:32:53','2026-05-15 11:32:53'),(279,'186','1','279','ele_1','2026-05-15 11:32:53','2026-05-15 11:32:53'),(280,'187','1','280','ele_1','2026-05-15 11:32:53','2026-05-15 11:32:53'),(281,'187','1','281','ele_1','2026-05-15 11:32:53','2026-05-15 11:32:53'),(282,'187','1','282','ele_1','2026-05-15 11:32:53','2026-05-15 11:32:53'),(283,'187','1','283','ele_1','2026-05-15 11:32:53','2026-05-15 11:32:53'),(284,'187','1','284','ele_1','2026-05-15 11:32:53','2026-05-15 11:32:53'),(285,'187','1','285','ele_1','2026-05-15 11:32:53','2026-05-15 11:32:53'),(286,'187','1','286','ele_1','2026-05-15 11:32:53','2026-05-15 11:32:53'),(287,'187','1','287','ele_1','2026-05-15 11:32:53','2026-05-15 11:32:53'),(288,'187','1','288','ele_1','2026-05-15 11:32:53','2026-05-15 11:32:53'),(289,'187','1','289','ele_1','2026-05-15 11:32:53','2026-05-15 11:32:53'),(290,'187','1','290','ele_1','2026-05-15 11:32:53','2026-05-15 11:32:53'),(291,'187','1','291','ele_1','2026-05-15 11:32:53','2026-05-15 11:32:53'),(292,'187','1','292','ele_1','2026-05-15 11:32:53','2026-05-15 11:32:53'),(293,'187','1','293','ele_1','2026-05-15 11:32:53','2026-05-15 11:32:53'),(294,'187','1','294','ele_1','2026-05-15 11:32:53','2026-05-15 11:32:53'),(295,'187','1','295','ele_1','2026-05-15 11:32:53','2026-05-15 11:32:53'),(296,'187','1','296','ele_1','2026-05-15 11:32:53','2026-05-15 11:32:53'),(297,'188','1','297','ele_1','2026-05-15 11:32:53','2026-05-15 11:32:53'),(298,'188','1','298','ele_1','2026-05-15 11:32:53','2026-05-15 11:32:53'),(299,'188','1','299','ele_1','2026-05-15 11:32:53','2026-05-15 11:32:53'),(300,'188','1','300','ele_1','2026-05-15 11:32:53','2026-05-15 11:32:53'),(301,'188','1','301','ele_1','2026-05-15 11:32:53','2026-05-15 11:32:53'),(302,'188','1','302','ele_1','2026-05-15 11:32:53','2026-05-15 11:32:53'),(303,'188','1','303','ele_1','2026-05-15 11:32:53','2026-05-15 11:32:53'),(304,'188','1','304','ele_1','2026-05-15 11:32:53','2026-05-15 11:32:53'),(305,'188','1','305','ele_1','2026-05-15 11:32:53','2026-05-15 11:32:53'),(306,'188','1','306','ele_1','2026-05-15 11:32:53','2026-05-15 11:32:53'),(307,'188','1','307','ele_1','2026-05-15 11:32:53','2026-05-15 11:32:53'),(308,'188','1','308','ele_1','2026-05-15 11:32:53','2026-05-15 11:32:53'),(309,'189','1','309','ele_1','2026-05-15 11:32:53','2026-05-15 11:32:53'),(310,'189','1','310','ele_1','2026-05-15 11:32:53','2026-05-15 11:32:53'),(311,'189','1','311','ele_1','2026-05-15 11:32:53','2026-05-15 11:32:53'),(312,'189','1','312','ele_1','2026-05-15 11:32:53','2026-05-15 11:32:53'),(313,'189','1','313','ele_1','2026-05-15 11:32:53','2026-05-15 11:32:53'),(314,'189','1','314','ele_1','2026-05-15 11:32:53','2026-05-15 11:32:53'),(315,'189','1','315','ele_1','2026-05-15 11:32:53','2026-05-15 11:32:53'),(316,'189','1','316','ele_1','2026-05-15 11:32:53','2026-05-15 11:32:53'),(317,'189','1','317','ele_1','2026-05-15 11:32:53','2026-05-15 11:32:53'),(318,'189','1','318','ele_1','2026-05-15 11:32:53','2026-05-15 11:32:53'),(319,'189','1','319','ele_1','2026-05-15 11:32:53','2026-05-15 11:32:53');
/*!40000 ALTER TABLE `leader_voter_rel` ENABLE KEYS */;
UNLOCK TABLES;

--
-- Table structure for table `leaders`
--

DROP TABLE IF EXISTS `leaders`;
/*!40101 SET @saved_cs_client     = @@character_set_client */;
/*!50503 SET character_set_client = utf8mb4 */;
CREATE TABLE `leaders` (
  `idleaders` int NOT NULL AUTO_INCREMENT,
  `profile_code` varchar(45) CHARACTER SET utf8mb3 COLLATE utf8mb3_unicode_ci NOT NULL,
  `voter_group_code` varchar(45) CHARACTER SET utf8mb3 COLLATE utf8mb3_unicode_ci DEFAULT NULL,
  `election_code` varchar(45) CHARACTER SET utf8mb3 COLLATE utf8mb3_unicode_ci DEFAULT NULL,
  `created_at` timestamp NULL DEFAULT CURRENT_TIMESTAMP,
  `updated_at` timestamp NULL DEFAULT CURRENT_TIMESTAMP ON UPDATE CURRENT_TIMESTAMP,
  PRIMARY KEY (`idleaders`)
) ENGINE=InnoDB AUTO_INCREMENT=26 DEFAULT CHARSET=utf8mb3 COLLATE=utf8mb3_unicode_ci;
/*!40101 SET character_set_client = @saved_cs_client */;

--
-- Dumping data for table `leaders`
--

LOCK TABLES `leaders` WRITE;
/*!40000 ALTER TABLE `leaders` DISABLE KEYS */;
INSERT INTO `leaders` VALUES (1,'174','1','ele_1','2026-05-15 11:32:53','2026-05-15 11:32:53'),(2,'162','1','ele_1','2026-05-15 11:32:53','2026-05-15 11:32:53'),(3,'175','1','ele_1','2026-05-15 11:32:53','2026-05-15 11:32:53'),(4,'163','1','ele_1','2026-05-15 11:32:53','2026-05-15 11:32:53'),(5,'164','1','ele_1','2026-05-15 11:32:53','2026-05-15 11:32:53'),(6,'166','1','ele_1','2026-05-15 11:32:53','2026-05-15 11:32:53'),(7,'167','1','ele_1','2026-05-15 11:32:53','2026-05-15 11:32:53'),(8,'168','1','ele_1','2026-05-15 11:32:53','2026-05-15 11:32:53'),(9,'169','1','ele_1','2026-05-15 11:32:53','2026-05-15 11:32:53'),(10,'170','1','ele_1','2026-05-15 11:32:53','2026-05-15 11:32:53'),(11,'176','1','ele_1','2026-05-15 11:32:53','2026-05-15 11:32:53'),(12,'177','1','ele_1','2026-05-15 11:32:53','2026-05-15 11:32:53'),(13,'178','1','ele_1','2026-05-15 11:32:53','2026-05-15 11:32:53'),(14,'180','1','ele_1','2026-05-15 11:32:53','2026-05-15 11:32:53'),(15,'181','1','ele_1','2026-05-15 11:32:53','2026-05-15 11:32:53'),(16,'182','1','ele_1','2026-05-15 11:32:53','2026-05-15 11:32:53'),(17,'183','1','ele_1','2026-05-15 11:32:53','2026-05-15 11:32:53'),(18,'184','1','ele_1','2026-05-15 11:32:53','2026-05-15 11:32:53'),(19,'171','1','ele_1','2026-05-15 11:32:53','2026-05-15 11:32:53'),(20,'172','1','ele_1','2026-05-15 11:32:53','2026-05-15 11:32:53'),(21,'185','1','ele_1','2026-05-15 11:32:53','2026-05-15 11:32:53'),(22,'186','1','ele_1','2026-05-15 11:32:53','2026-05-15 11:32:53'),(23,'187','1','ele_1','2026-05-15 11:32:53','2026-05-15 11:32:53'),(24,'188','1','ele_1','2026-05-15 11:32:53','2026-05-15 11:32:53'),(25,'189','1','ele_1','2026-05-15 11:32:53','2026-05-15 11:32:53');
/*!40000 ALTER TABLE `leaders` ENABLE KEYS */;
UNLOCK TABLES;

--
-- Table structure for table `list_master`
--

DROP TABLE IF EXISTS `list_master`;
/*!40101 SET @saved_cs_client     = @@character_set_client */;
/*!50503 SET character_set_client = utf8mb4 */;
CREATE TABLE `list_master` (
  `idgroups` int NOT NULL AUTO_INCREMENT,
  `election_code` varchar(45) CHARACTER SET utf8mb3 COLLATE utf8mb3_unicode_ci DEFAULT NULL,
  `list_code` varchar(45) CHARACTER SET utf8mb3 COLLATE utf8mb3_unicode_ci DEFAULT NULL,
  `list_name` varchar(45) CHARACTER SET utf8mb3 COLLATE utf8mb3_unicode_ci DEFAULT NULL,
  `list_info` text CHARACTER SET utf8mb3 COLLATE utf8mb3_unicode_ci,
  `list_members` json DEFAULT NULL,
  `created_at` timestamp NULL DEFAULT CURRENT_TIMESTAMP,
  `updated_at` timestamp NULL DEFAULT CURRENT_TIMESTAMP ON UPDATE CURRENT_TIMESTAMP,
  PRIMARY KEY (`idgroups`)
) ENGINE=InnoDB DEFAULT CHARSET=utf8mb3 COLLATE=utf8mb3_unicode_ci;
/*!40101 SET character_set_client = @saved_cs_client */;

--
-- Dumping data for table `list_master`
--

LOCK TABLES `list_master` WRITE;
/*!40000 ALTER TABLE `list_master` DISABLE KEYS */;
/*!40000 ALTER TABLE `list_master` ENABLE KEYS */;
UNLOCK TABLES;

--
-- Table structure for table `profile_connection`
--

DROP TABLE IF EXISTS `profile_connection`;
/*!40101 SET @saved_cs_client     = @@character_set_client */;
/*!50503 SET character_set_client = utf8mb4 */;
CREATE TABLE `profile_connection` (
  `prf_code` int NOT NULL,
  `user_code` varchar(45) CHARACTER SET utf8mb3 COLLATE utf8mb3_unicode_ci DEFAULT NULL,
  `deviceID` text CHARACTER SET utf8mb3 COLLATE utf8mb3_unicode_ci,
  `Device_Location` text CHARACTER SET utf8mb3 COLLATE utf8mb3_unicode_ci,
  `start_date_time` datetime DEFAULT NULL,
  `end_date_time` varchar(45) CHARACTER SET utf8mb3 COLLATE utf8mb3_unicode_ci DEFAULT NULL,
  PRIMARY KEY (`prf_code`)
) ENGINE=InnoDB DEFAULT CHARSET=utf8mb3 COLLATE=utf8mb3_unicode_ci;
/*!40101 SET character_set_client = @saved_cs_client */;

--
-- Dumping data for table `profile_connection`
--

LOCK TABLES `profile_connection` WRITE;
/*!40000 ALTER TABLE `profile_connection` DISABLE KEYS */;
/*!40000 ALTER TABLE `profile_connection` ENABLE KEYS */;
UNLOCK TABLES;

--
-- Table structure for table `profiles`
--

DROP TABLE IF EXISTS `profiles`;
/*!40101 SET @saved_cs_client     = @@character_set_client */;
/*!50503 SET character_set_client = utf8mb4 */;
CREATE TABLE `profiles` (
  `idprofile` bigint NOT NULL AUTO_INCREMENT,
  `profile_code` varchar(45) CHARACTER SET utf8mb3 COLLATE utf8mb3_unicode_ci NOT NULL,
  `full_name` varchar(300) CHARACTER SET utf8mb3 COLLATE utf8mb3_unicode_ci DEFAULT NULL,
  `sex` int DEFAULT NULL,
  `age` date DEFAULT NULL,
  `mobile` varchar(45) CHARACTER SET utf8mb3 COLLATE utf8mb3_unicode_ci DEFAULT NULL,
  `address` text CHARACTER SET utf8mb3 COLLATE utf8mb3_unicode_ci,
  `picture` text CHARACTER SET utf8mb3 COLLATE utf8mb3_unicode_ci,
  `attachment` text CHARACTER SET utf8mb3 COLLATE utf8mb3_unicode_ci,
  `isconnected` tinyint DEFAULT '0',
  `session_handle` varchar(300) CHARACTER SET utf8mb3 COLLATE utf8mb3_unicode_ci DEFAULT NULL,
  `created_at` timestamp NULL DEFAULT CURRENT_TIMESTAMP,
  `updated_at` timestamp NULL DEFAULT CURRENT_TIMESTAMP ON UPDATE CURRENT_TIMESTAMP,
  PRIMARY KEY (`idprofile`),
  KEY `ix_profile_code` (`profile_code`)
) ENGINE=InnoDB AUTO_INCREMENT=320 DEFAULT CHARSET=utf8mb3 COLLATE=utf8mb3_unicode_ci;
/*!40101 SET character_set_client = @saved_cs_client */;

--
-- Dumping data for table `profiles`
--

LOCK TABLES `profiles` WRITE;
/*!40000 ALTER TABLE `profiles` DISABLE KEYS */;
INSERT INTO `profiles` VALUES (1,'1','الاسم1',1,'2026-05-15','9613600001',NULL,NULL,NULL,0,NULL,'2026-05-15 11:32:53','2026-05-15 11:32:53'),(2,'2','الاسم2',1,'2026-05-15','9613600002',NULL,NULL,NULL,0,'xWgMFdkFkx2JlfLs6zdi9Rh6UGQXK1vUHpAzJQMT','2026-05-15 11:32:53','2026-05-15 08:34:09'),(3,'3','الاسم3',1,'2026-05-15','9613600003',NULL,NULL,NULL,0,NULL,'2026-05-15 11:32:53','2026-05-15 11:32:53'),(4,'4','الاسم4',1,'2026-05-15','9613600004',NULL,NULL,NULL,0,NULL,'2026-05-15 11:32:53','2026-05-15 11:32:53'),(5,'5','الاسم5',1,'2026-05-15','9613600005',NULL,NULL,NULL,0,NULL,'2026-05-15 11:32:53','2026-05-15 11:32:53'),(6,'6','الاسم6',1,'2026-05-15','9613600006',NULL,NULL,NULL,0,NULL,'2026-05-15 11:32:53','2026-05-15 11:32:53'),(7,'7','الاسم7',1,'2026-05-15','9613600007',NULL,NULL,NULL,0,NULL,'2026-05-15 11:32:53','2026-05-15 11:32:53'),(8,'8','الاسم8',2,'2026-05-15','9613600008',NULL,NULL,NULL,0,NULL,'2026-05-15 11:32:53','2026-05-15 11:32:53'),(9,'9','الاسم9',2,'2026-05-15','9613600009',NULL,NULL,NULL,0,NULL,'2026-05-15 11:32:53','2026-05-15 11:32:53'),(10,'10','الاسم10',2,'2026-05-15','9613600010',NULL,NULL,NULL,0,NULL,'2026-05-15 11:32:53','2026-05-15 11:32:53'),(11,'11','الاسم11',2,'2026-05-15','9613600011',NULL,NULL,NULL,0,NULL,'2026-05-15 11:32:53','2026-05-15 11:32:53'),(12,'12','الاسم12',2,'2026-05-15','9613600012',NULL,NULL,NULL,0,NULL,'2026-05-15 11:32:53','2026-05-15 11:32:53'),(13,'13','الاسم13',2,'2026-05-15','9613600013',NULL,NULL,NULL,0,NULL,'2026-05-15 11:32:53','2026-05-15 11:32:53'),(14,'14','الاسم14',2,'2026-05-15','9613600014',NULL,NULL,NULL,0,NULL,'2026-05-15 11:32:53','2026-05-15 11:32:53'),(15,'15','الاسم15',2,'2026-05-15','9613600015',NULL,NULL,NULL,0,NULL,'2026-05-15 11:32:53','2026-05-15 11:32:53'),(16,'16','الاسم16',2,'2026-05-15','9613600016',NULL,NULL,NULL,0,NULL,'2026-05-15 11:32:53','2026-05-15 11:32:53'),(17,'17','الاسم17',2,'2026-05-15','9613600017',NULL,NULL,NULL,0,NULL,'2026-05-15 11:32:53','2026-05-15 11:32:53'),(18,'18','الاسم18',2,'2026-05-15','9613600018',NULL,NULL,NULL,0,NULL,'2026-05-15 11:32:53','2026-05-15 11:32:53'),(19,'19','الاسم19',2,'2026-05-15','9613600019',NULL,NULL,NULL,0,NULL,'2026-05-15 11:32:53','2026-05-15 11:32:53'),(20,'20','الاسم20',2,'2026-05-15','9613600020',NULL,NULL,NULL,0,NULL,'2026-05-15 11:32:53','2026-05-15 11:32:53'),(21,'21','الاسم21',2,'2026-05-15','9613600021',NULL,NULL,NULL,0,NULL,'2026-05-15 11:32:53','2026-05-15 11:32:53'),(22,'22','الاسم22',2,'2026-05-15','9613600022',NULL,NULL,NULL,0,NULL,'2026-05-15 11:32:53','2026-05-15 11:32:53'),(23,'23','الاسم23',1,'2026-05-15','9613600023',NULL,NULL,NULL,0,NULL,'2026-05-15 11:32:53','2026-05-15 11:32:53'),(24,'24','الاسم24',1,'2026-05-15','9613600024',NULL,NULL,NULL,0,NULL,'2026-05-15 11:32:53','2026-05-15 11:32:53'),(25,'25','الاسم25',1,'2026-05-15','9613600025',NULL,NULL,NULL,0,NULL,'2026-05-15 11:32:53','2026-05-15 11:32:53'),(26,'26','الاسم26',1,'2026-05-15','9613600026',NULL,NULL,NULL,0,NULL,'2026-05-15 11:32:53','2026-05-15 11:32:53'),(27,'27','الاسم27',1,'2026-05-15','9613600027',NULL,NULL,NULL,0,NULL,'2026-05-15 11:32:53','2026-05-15 11:32:53'),(28,'28','الاسم28',1,'2026-05-15','9613600028',NULL,NULL,NULL,0,NULL,'2026-05-15 11:32:53','2026-05-15 11:32:53'),(29,'29','الاسم29',1,'2026-05-15','9613600029',NULL,NULL,NULL,0,NULL,'2026-05-15 11:32:53','2026-05-15 11:32:53'),(30,'30','الاسم30',1,'2026-05-15','9613600030',NULL,NULL,NULL,0,NULL,'2026-05-15 11:32:53','2026-05-15 11:32:53'),(31,'31','الاسم31',1,'2026-05-15','9613600031',NULL,NULL,NULL,0,NULL,'2026-05-15 11:32:53','2026-05-15 11:32:53'),(32,'32','الاسم32',1,'2026-05-15','9613600032',NULL,NULL,NULL,0,NULL,'2026-05-15 11:32:53','2026-05-15 11:32:53'),(33,'33','الاسم33',1,'2026-05-15','9613600033',NULL,NULL,NULL,0,NULL,'2026-05-15 11:32:53','2026-05-15 11:32:53'),(34,'34','الاسم34',1,'2026-05-15','9613600034',NULL,NULL,NULL,0,NULL,'2026-05-15 11:32:53','2026-05-15 11:32:53'),(35,'35','الاسم35',1,'2026-05-15','9613600035',NULL,NULL,NULL,0,NULL,'2026-05-15 11:32:53','2026-05-15 11:32:53'),(36,'36','الاسم36',1,'2026-05-15','9613600036',NULL,NULL,NULL,0,NULL,'2026-05-15 11:32:53','2026-05-15 11:32:53'),(37,'37','الاسم37',1,'2026-05-15','9613600037',NULL,NULL,NULL,0,NULL,'2026-05-15 11:32:53','2026-05-15 11:32:53'),(38,'38','الاسم38',1,'2026-05-15','9613600038',NULL,NULL,NULL,0,NULL,'2026-05-15 11:32:53','2026-05-15 11:32:53'),(39,'39','الاسم39',1,'2026-05-15','9613600039',NULL,NULL,NULL,0,NULL,'2026-05-15 11:32:53','2026-05-15 11:32:53'),(40,'40','الاسم40',1,'2026-05-15','9613600040',NULL,NULL,NULL,0,NULL,'2026-05-15 11:32:53','2026-05-15 11:32:53'),(41,'41','الاسم41',2,'2026-05-15','9613600041',NULL,NULL,NULL,0,NULL,'2026-05-15 11:32:53','2026-05-15 11:32:53'),(42,'42','الاسم42',2,'2026-05-15','9613600042',NULL,NULL,NULL,0,NULL,'2026-05-15 11:32:53','2026-05-15 11:32:53'),(43,'43','الاسم43',2,'2026-05-15','9613600043',NULL,NULL,NULL,0,NULL,'2026-05-15 11:32:53','2026-05-15 11:32:53'),(44,'44','الاسم44',2,'2026-05-15','9613600044',NULL,NULL,NULL,0,NULL,'2026-05-15 11:32:53','2026-05-15 11:32:53'),(45,'45','الاسم45',2,'2026-05-15','9613600045',NULL,NULL,NULL,0,NULL,'2026-05-15 11:32:53','2026-05-15 11:32:53'),(46,'46','الاسم46',2,'2026-05-15','9613600046',NULL,NULL,NULL,0,NULL,'2026-05-15 11:32:53','2026-05-15 11:32:53'),(47,'47','الاسم47',2,'2026-05-15','9613600047',NULL,NULL,NULL,0,NULL,'2026-05-15 11:32:53','2026-05-15 11:32:53'),(48,'48','الاسم48',2,'2026-05-15','9613600048',NULL,NULL,NULL,0,NULL,'2026-05-15 11:32:53','2026-05-15 11:32:53'),(49,'49','الاسم49',2,'2026-05-15','9613600049',NULL,NULL,NULL,0,NULL,'2026-05-15 11:32:53','2026-05-15 11:32:53'),(50,'50','الاسم50',2,'2026-05-15','9613600050',NULL,NULL,NULL,0,NULL,'2026-05-15 11:32:53','2026-05-15 11:32:53'),(51,'51','الاسم51',2,'2026-05-15','9613600051',NULL,NULL,NULL,0,NULL,'2026-05-15 11:32:53','2026-05-15 11:32:53'),(52,'52','الاسم52',2,'2026-05-15','9613600052',NULL,NULL,NULL,0,NULL,'2026-05-15 11:32:53','2026-05-15 11:32:53'),(53,'53','الاسم53',2,'2026-05-15','9613600053',NULL,NULL,NULL,0,NULL,'2026-05-15 11:32:53','2026-05-15 11:32:53'),(54,'54','الاسم54',2,'2026-05-15','9613600054',NULL,NULL,NULL,0,NULL,'2026-05-15 11:32:53','2026-05-15 11:32:53'),(55,'55','الاسم55',2,'2026-05-15','9613600055',NULL,NULL,NULL,0,NULL,'2026-05-15 11:32:53','2026-05-15 11:32:53'),(56,'56','الاسم56',2,'2026-05-15','9613600056',NULL,NULL,NULL,0,NULL,'2026-05-15 11:32:53','2026-05-15 11:32:53'),(57,'57','الاسم57',2,'2026-05-15','9613600057',NULL,NULL,NULL,0,NULL,'2026-05-15 11:32:53','2026-05-15 11:32:53'),(58,'58','الاسم58',2,'2026-05-15','9613600058',NULL,NULL,NULL,0,NULL,'2026-05-15 11:32:53','2026-05-15 11:32:53'),(59,'59','الاسم59',2,'2026-05-15','9613600059',NULL,NULL,NULL,0,NULL,'2026-05-15 11:32:53','2026-05-15 11:32:53'),(60,'60','الاسم60',2,'2026-05-15','9613600060',NULL,NULL,NULL,0,NULL,'2026-05-15 11:32:53','2026-05-15 11:32:53'),(61,'61','الاسم61',2,'2026-05-15','9613600061',NULL,NULL,NULL,0,NULL,'2026-05-15 11:32:53','2026-05-15 11:32:53'),(62,'62','الاسم62',2,'2026-05-15','9613600062',NULL,NULL,NULL,0,NULL,'2026-05-15 11:32:53','2026-05-15 11:32:53'),(63,'63','الاسم63',2,'2026-05-15','9613600063',NULL,NULL,NULL,0,NULL,'2026-05-15 11:32:53','2026-05-15 11:32:53'),(64,'64','الاسم64',2,'2026-05-15','9613600064',NULL,NULL,NULL,0,NULL,'2026-05-15 11:32:53','2026-05-15 11:32:53'),(65,'65','الاسم65',2,'2026-05-15','9613600065',NULL,NULL,NULL,0,NULL,'2026-05-15 11:32:53','2026-05-15 11:32:53'),(66,'66','الاسم66',2,'2026-05-15','9613600066',NULL,NULL,NULL,0,NULL,'2026-05-15 11:32:53','2026-05-15 11:32:53'),(67,'67','الاسم67',2,'2026-05-15','9613600067',NULL,NULL,NULL,0,NULL,'2026-05-15 11:32:53','2026-05-15 11:32:53'),(68,'68','الاسم68',2,'2026-05-15','9613600068',NULL,NULL,NULL,0,NULL,'2026-05-15 11:32:53','2026-05-15 11:32:53'),(69,'69','الاسم69',2,'2026-05-15','9613600069',NULL,NULL,NULL,0,NULL,'2026-05-15 11:32:53','2026-05-15 11:32:53'),(70,'70','الاسم70',2,'2026-05-15','9613600070',NULL,NULL,NULL,0,NULL,'2026-05-15 11:32:53','2026-05-15 11:32:53'),(71,'71','الاسم71',2,'2026-05-15','9613600071',NULL,NULL,NULL,0,NULL,'2026-05-15 11:32:53','2026-05-15 11:32:53'),(72,'72','الاسم72',2,'2026-05-15','9613600072',NULL,NULL,NULL,0,NULL,'2026-05-15 11:32:53','2026-05-15 11:32:53'),(73,'73','الاسم73',2,'2026-05-15','9613600073',NULL,NULL,NULL,0,NULL,'2026-05-15 11:32:53','2026-05-15 11:32:53'),(74,'74','الاسم74',2,'2026-05-15','9613600074',NULL,NULL,NULL,0,NULL,'2026-05-15 11:32:53','2026-05-15 11:32:53'),(75,'75','الاسم75',2,'2026-05-15','9613600075',NULL,NULL,NULL,0,NULL,'2026-05-15 11:32:53','2026-05-15 11:32:53'),(76,'76','الاسم76',2,'2026-05-15','9613600076',NULL,NULL,NULL,0,NULL,'2026-05-15 11:32:53','2026-05-15 11:32:53'),(77,'77','الاسم77',2,'2026-05-15','9613600077',NULL,NULL,NULL,0,NULL,'2026-05-15 11:32:53','2026-05-15 11:32:53'),(78,'78','الاسم78',2,'2026-05-15','9613600078',NULL,NULL,NULL,0,NULL,'2026-05-15 11:32:53','2026-05-15 11:32:53'),(79,'79','الاسم79',2,'2026-05-15','9613600079',NULL,NULL,NULL,0,NULL,'2026-05-15 11:32:53','2026-05-15 11:32:53'),(80,'80','الاسم80',2,'2026-05-15','9613600080',NULL,NULL,NULL,0,NULL,'2026-05-15 11:32:53','2026-05-15 11:32:53'),(81,'81','الاسم81',2,'2026-05-15','9613600081',NULL,NULL,NULL,0,NULL,'2026-05-15 11:32:53','2026-05-15 11:32:53'),(82,'82','الاسم82',2,'2026-05-15','9613600082',NULL,NULL,NULL,0,NULL,'2026-05-15 11:32:53','2026-05-15 11:32:53'),(83,'83','الاسم83',2,'2026-05-15','9613600083',NULL,NULL,NULL,0,NULL,'2026-05-15 11:32:53','2026-05-15 11:32:53'),(84,'84','الاسم84',2,'2026-05-15','9613600084',NULL,NULL,NULL,0,NULL,'2026-05-15 11:32:53','2026-05-15 11:32:53'),(85,'85','الاسم85',2,'2026-05-15','9613600085',NULL,NULL,NULL,0,NULL,'2026-05-15 11:32:53','2026-05-15 11:32:53'),(86,'86','الاسم86',2,'2026-05-15','9613600086',NULL,NULL,NULL,0,NULL,'2026-05-15 11:32:53','2026-05-15 11:32:53'),(87,'87','الاسم87',2,'2026-05-15','9613600087',NULL,NULL,NULL,0,NULL,'2026-05-15 11:32:53','2026-05-15 11:32:53'),(88,'88','الاسم88',2,'2026-05-15','9613600088',NULL,NULL,NULL,0,NULL,'2026-05-15 11:32:53','2026-05-15 11:32:53'),(89,'89','الاسم89',2,'2026-05-15','9613600089',NULL,NULL,NULL,0,NULL,'2026-05-15 11:32:53','2026-05-15 11:32:53'),(90,'90','الاسم90',2,'2026-05-15','9613600090',NULL,NULL,NULL,0,NULL,'2026-05-15 11:32:53','2026-05-15 11:32:53'),(91,'91','الاسم91',2,'2026-05-15','9613600091',NULL,NULL,NULL,0,NULL,'2026-05-15 11:32:53','2026-05-15 11:32:53'),(92,'92','الاسم92',2,'2026-05-15','9613600092',NULL,NULL,NULL,0,NULL,'2026-05-15 11:32:53','2026-05-15 11:32:53'),(93,'93','الاسم93',2,'2026-05-15','9613600093',NULL,NULL,NULL,0,NULL,'2026-05-15 11:32:53','2026-05-15 11:32:53'),(94,'94','الاسم94',2,'2026-05-15','9613600094',NULL,NULL,NULL,0,NULL,'2026-05-15 11:32:53','2026-05-15 11:32:53'),(95,'95','الاسم95',2,'2026-05-15','9613600095',NULL,NULL,NULL,0,NULL,'2026-05-15 11:32:53','2026-05-15 11:32:53'),(96,'96','الاسم96',2,'2026-05-15','9613600096',NULL,NULL,NULL,0,NULL,'2026-05-15 11:32:53','2026-05-15 11:32:53'),(97,'97','الاسم97',2,'2026-05-15','9613600097',NULL,NULL,NULL,0,NULL,'2026-05-15 11:32:53','2026-05-15 11:32:53'),(98,'98','الاسم98',2,'2026-05-15','9613600098',NULL,NULL,NULL,0,NULL,'2026-05-15 11:32:53','2026-05-15 11:32:53'),(99,'99','الاسم99',2,'2026-05-15','9613600099',NULL,NULL,NULL,0,NULL,'2026-05-15 11:32:53','2026-05-15 11:32:53'),(100,'100','الاسم100',2,'2026-05-15','9613600100',NULL,NULL,NULL,0,NULL,'2026-05-15 11:32:53','2026-05-15 11:32:53'),(101,'101','الاسم101',2,'2026-05-15','9613600101',NULL,NULL,NULL,0,NULL,'2026-05-15 11:32:53','2026-05-15 11:32:53'),(102,'102','الاسم102',2,'2026-05-15','9613600102',NULL,NULL,NULL,0,NULL,'2026-05-15 11:32:53','2026-05-15 11:32:53'),(103,'103','الاسم103',2,'2026-05-15','9613600103',NULL,NULL,NULL,0,NULL,'2026-05-15 11:32:53','2026-05-15 11:32:53'),(104,'104','الاسم104',2,'2026-05-15','9613600104',NULL,NULL,NULL,0,NULL,'2026-05-15 11:32:53','2026-05-15 11:32:53'),(105,'105','الاسم105',2,'2026-05-15','9613600105',NULL,NULL,NULL,0,NULL,'2026-05-15 11:32:53','2026-05-15 11:32:53'),(106,'106','الاسم106',2,'2026-05-15','9613600106',NULL,NULL,NULL,0,NULL,'2026-05-15 11:32:53','2026-05-15 11:32:53'),(107,'107','الاسم107',2,'2026-05-15','9613600107',NULL,NULL,NULL,0,NULL,'2026-05-15 11:32:53','2026-05-15 11:32:53'),(108,'108','الاسم108',2,'2026-05-15','9613600108',NULL,NULL,NULL,0,NULL,'2026-05-15 11:32:53','2026-05-15 11:32:53'),(109,'109','الاسم109',2,'2026-05-15','9613600109',NULL,NULL,NULL,0,NULL,'2026-05-15 11:32:53','2026-05-15 11:32:53'),(110,'110','الاسم110',2,'2026-05-15','9613600110',NULL,NULL,NULL,0,NULL,'2026-05-15 11:32:53','2026-05-15 11:32:53'),(111,'111','الاسم111',2,'2026-05-15','9613600111',NULL,NULL,NULL,0,NULL,'2026-05-15 11:32:53','2026-05-15 11:32:53'),(112,'112','الاسم112',2,'2026-05-15','9613600112',NULL,NULL,NULL,0,NULL,'2026-05-15 11:32:53','2026-05-15 11:32:53'),(113,'113','الاسم113',2,'2026-05-15','9613600113',NULL,NULL,NULL,0,NULL,'2026-05-15 11:32:53','2026-05-15 11:32:53'),(114,'114','الاسم114',2,'2026-05-15','9613600114',NULL,NULL,NULL,0,NULL,'2026-05-15 11:32:53','2026-05-15 11:32:53'),(115,'115','الاسم115',2,'2026-05-15','9613600115',NULL,NULL,NULL,0,NULL,'2026-05-15 11:32:53','2026-05-15 11:32:53'),(116,'116','الاسم116',2,'2026-05-15','9613600116',NULL,NULL,NULL,0,NULL,'2026-05-15 11:32:53','2026-05-15 11:32:53'),(117,'117','الاسم117',2,'2026-05-15','9613600117',NULL,NULL,NULL,0,NULL,'2026-05-15 11:32:53','2026-05-15 11:32:53'),(118,'118','الاسم118',2,'2026-05-15','9613600118',NULL,NULL,NULL,0,NULL,'2026-05-15 11:32:53','2026-05-15 11:32:53'),(119,'119','الاسم119',2,'2026-05-15','9613600119',NULL,NULL,NULL,0,NULL,'2026-05-15 11:32:53','2026-05-15 11:32:53'),(120,'120','الاسم120',2,'2026-05-15','9613600120',NULL,NULL,NULL,0,NULL,'2026-05-15 11:32:53','2026-05-15 11:32:53'),(121,'121','الاسم121',2,'2026-05-15','9613600121',NULL,NULL,NULL,0,NULL,'2026-05-15 11:32:53','2026-05-15 11:32:53'),(122,'122','الاسم122',2,'2026-05-15','9613600122',NULL,NULL,NULL,0,NULL,'2026-05-15 11:32:53','2026-05-15 11:32:53'),(123,'123','الاسم123',2,'2026-05-15','9613600123',NULL,NULL,NULL,0,NULL,'2026-05-15 11:32:53','2026-05-15 11:32:53'),(124,'124','الاسم124',2,'2026-05-15','9613600124',NULL,NULL,NULL,0,NULL,'2026-05-15 11:32:53','2026-05-15 11:32:53'),(125,'125','الاسم125',2,'2026-05-15','9613600125',NULL,NULL,NULL,0,NULL,'2026-05-15 11:32:53','2026-05-15 11:32:53'),(126,'126','الاسم126',2,'2026-05-15','9613600126',NULL,NULL,NULL,0,NULL,'2026-05-15 11:32:53','2026-05-15 11:32:53'),(127,'127','الاسم127',2,'2026-05-15','9613600127',NULL,NULL,NULL,0,NULL,'2026-05-15 11:32:53','2026-05-15 11:32:53'),(128,'128','الاسم128',2,'2026-05-15','9613600128',NULL,NULL,NULL,0,NULL,'2026-05-15 11:32:53','2026-05-15 11:32:53'),(129,'129','الاسم129',1,'2026-05-15','9613600129',NULL,NULL,NULL,0,NULL,'2026-05-15 11:32:53','2026-05-15 11:32:53'),(130,'130','الاسم130',1,'2026-05-15','9613600130',NULL,NULL,NULL,0,NULL,'2026-05-15 11:32:53','2026-05-15 11:32:53'),(131,'131','الاسم131',1,'2026-05-15','9613600131',NULL,NULL,NULL,0,NULL,'2026-05-15 11:32:53','2026-05-15 11:32:53'),(132,'132','الاسم132',1,'2026-05-15','9613600132',NULL,NULL,NULL,0,NULL,'2026-05-15 11:32:53','2026-05-15 11:32:53'),(133,'133','الاسم133',1,'2026-05-15','9613600133',NULL,NULL,NULL,0,NULL,'2026-05-15 11:32:53','2026-05-15 11:32:53'),(134,'134','الاسم134',1,'2026-05-15','9613600134',NULL,NULL,NULL,0,NULL,'2026-05-15 11:32:53','2026-05-15 11:32:53'),(135,'135','الاسم135',1,'2026-05-15','9613600135',NULL,NULL,NULL,0,NULL,'2026-05-15 11:32:53','2026-05-15 11:32:53'),(136,'136','الاسم136',1,'2026-05-15','9613600136',NULL,NULL,NULL,0,NULL,'2026-05-15 11:32:53','2026-05-15 11:32:53'),(137,'137','الاسم137',1,'2026-05-15','9613600137',NULL,NULL,NULL,0,NULL,'2026-05-15 11:32:53','2026-05-15 11:32:53'),(138,'138','الاسم138',1,'2026-05-15','9613600138',NULL,NULL,NULL,0,NULL,'2026-05-15 11:32:53','2026-05-15 11:32:53'),(139,'139','الاسم139',1,'2026-05-15','9613600139',NULL,NULL,NULL,0,NULL,'2026-05-15 11:32:53','2026-05-15 11:32:53'),(140,'140','الاسم140',1,'2026-05-15','9613600140',NULL,NULL,NULL,0,NULL,'2026-05-15 11:32:53','2026-05-15 11:32:53'),(141,'141','الاسم141',1,'2026-05-15','9613600141',NULL,NULL,NULL,0,NULL,'2026-05-15 11:32:53','2026-05-15 11:32:53'),(142,'142','الاسم142',1,'2026-05-15','9613600142',NULL,NULL,NULL,0,NULL,'2026-05-15 11:32:53','2026-05-15 11:32:53'),(143,'143','الاسم143',1,'2026-05-15','9613600143',NULL,NULL,NULL,0,NULL,'2026-05-15 11:32:53','2026-05-15 11:32:53'),(144,'144','الاسم144',1,'2026-05-15','9613600144',NULL,NULL,NULL,0,NULL,'2026-05-15 11:32:53','2026-05-15 11:32:53'),(145,'145','الاسم145',1,'2026-05-15','9613600145',NULL,NULL,NULL,0,NULL,'2026-05-15 11:32:53','2026-05-15 11:32:53'),(146,'146','الاسم146',1,'2026-05-15','9613600146',NULL,NULL,NULL,0,NULL,'2026-05-15 11:32:53','2026-05-15 11:32:53'),(147,'147','الاسم147',1,'2026-05-15','9613600147',NULL,NULL,NULL,0,NULL,'2026-05-15 11:32:53','2026-05-15 11:32:53'),(148,'148','الاسم148',1,'2026-05-15','9613600148',NULL,NULL,NULL,0,NULL,'2026-05-15 11:32:53','2026-05-15 11:32:53'),(149,'149','الاسم149',1,'2026-05-15','9613600149',NULL,NULL,NULL,0,NULL,'2026-05-15 11:32:53','2026-05-15 11:32:53'),(150,'150','الاسم150',1,'2026-05-15','9613600150',NULL,NULL,NULL,0,NULL,'2026-05-15 11:32:53','2026-05-15 11:32:53'),(151,'151','الاسم151',1,'2026-05-15','9613600151',NULL,NULL,NULL,0,NULL,'2026-05-15 11:32:53','2026-05-15 11:32:53'),(152,'152','الاسم152',1,'2026-05-15','9613600152',NULL,NULL,NULL,0,NULL,'2026-05-15 11:32:53','2026-05-15 11:32:53'),(153,'153','الاسم153',1,'2026-05-15','9613600153',NULL,NULL,NULL,0,NULL,'2026-05-15 11:32:53','2026-05-15 11:32:53'),(154,'154','الاسم154',1,'2026-05-15','9613600154',NULL,NULL,NULL,0,NULL,'2026-05-15 11:32:53','2026-05-15 11:32:53'),(155,'155','الاسم155',1,'2026-05-15','9613600155',NULL,NULL,NULL,0,NULL,'2026-05-15 11:32:53','2026-05-15 11:32:53'),(156,'156','الاسم156',1,'2026-05-15','9613600156',NULL,NULL,NULL,0,NULL,'2026-05-15 11:32:53','2026-05-15 11:32:53'),(157,'157','الاسم157',1,'2026-05-15','9613600157',NULL,NULL,NULL,0,NULL,'2026-05-15 11:32:53','2026-05-15 11:32:53'),(158,'158','الاسم158',1,'2026-05-15','9613600158',NULL,NULL,NULL,0,NULL,'2026-05-15 11:32:53','2026-05-15 11:32:53'),(159,'159','الاسم159',1,'2026-05-15','9613600159',NULL,NULL,NULL,0,NULL,'2026-05-15 11:32:53','2026-05-15 11:32:53'),(160,'160','الاسم160',1,'2026-05-15','9613600160',NULL,NULL,NULL,0,NULL,'2026-05-15 11:32:53','2026-05-15 11:32:53'),(161,'161','الاسم161',1,'2026-05-15','9613600161',NULL,NULL,NULL,0,NULL,'2026-05-15 11:32:53','2026-05-15 11:32:53'),(162,'162','مرشدة1',2,'2026-05-15','9613600162',NULL,NULL,NULL,0,NULL,'2026-05-15 11:32:53','2026-05-15 11:32:53'),(163,'163','مرشدة2',2,'2026-05-15','9613600163',NULL,NULL,NULL,0,NULL,'2026-05-15 11:32:53','2026-05-15 11:32:53'),(164,'164','مرشدة3',2,'2026-05-15','9613600164',NULL,NULL,NULL,0,NULL,'2026-05-15 11:32:53','2026-05-15 11:32:53'),(165,'165','الاسم165',2,'2026-05-15','9613600165',NULL,NULL,NULL,0,NULL,'2026-05-15 11:32:53','2026-05-15 11:32:53'),(166,'166','مرشدة4',2,'2026-05-15','9613600166',NULL,NULL,NULL,0,NULL,'2026-05-15 11:32:53','2026-05-15 11:32:53'),(167,'167','مرشدة5',2,'2026-05-15','9613600167',NULL,NULL,NULL,0,NULL,'2026-05-15 11:32:53','2026-05-15 11:32:53'),(168,'168','مرشدة6',2,'2026-05-15','9613600168',NULL,NULL,NULL,0,NULL,'2026-05-15 11:32:53','2026-05-15 11:32:53'),(169,'169','مرشدة7',2,'2026-05-15','9613600169',NULL,NULL,NULL,0,NULL,'2026-05-15 11:32:53','2026-05-15 11:32:53'),(170,'170','مرشدة8',2,'2026-05-15','9613600170',NULL,NULL,NULL,0,NULL,'2026-05-15 11:32:53','2026-05-15 11:32:53'),(171,'171','مرشدة9',2,'2026-05-15','9613600171',NULL,NULL,NULL,0,NULL,'2026-05-15 11:32:53','2026-05-15 11:32:53'),(172,'172','مرشدة10',2,'2026-05-15','9613600172',NULL,NULL,NULL,0,NULL,'2026-05-15 11:32:53','2026-05-15 11:32:53'),(173,'173','الاسم173',2,'2026-05-15','9613600173',NULL,NULL,NULL,0,NULL,'2026-05-15 11:32:53','2026-05-15 11:32:53'),(174,'174','مرشد1',1,'2026-05-15','9613600174',NULL,NULL,NULL,0,'K5kPDAzxlgZnQRQKHmQTsDHYhZdOQavjTkjNbPcK','2026-05-15 11:32:53','2026-05-15 08:33:34'),(175,'175','مرشد2',1,'2026-05-15','9613600175',NULL,NULL,NULL,0,NULL,'2026-05-15 11:32:53','2026-05-15 11:32:53'),(176,'176','مرشد15',1,'2026-05-15','9613600176',NULL,NULL,NULL,0,NULL,'2026-05-15 11:32:53','2026-05-15 11:32:53'),(177,'177','مرشد3',1,'2026-05-15','9613600177',NULL,NULL,NULL,0,NULL,'2026-05-15 11:32:53','2026-05-15 11:32:53'),(178,'178','مرشد4',1,'2026-05-15','9613600178',NULL,NULL,NULL,0,NULL,'2026-05-15 11:32:53','2026-05-15 11:32:53'),(179,'179','الاسم179',1,'2026-05-15','9613600179',NULL,NULL,NULL,0,NULL,'2026-05-15 11:32:53','2026-05-15 11:32:53'),(180,'180','مرشد5',1,'2026-05-15','9613600180',NULL,NULL,NULL,0,NULL,'2026-05-15 11:32:53','2026-05-15 11:32:53'),(181,'181','مرشد6',1,'2026-05-15','9613600181',NULL,NULL,NULL,0,NULL,'2026-05-15 11:32:53','2026-05-15 11:32:53'),(182,'182','مرشد7',1,'2026-05-15','9613600182',NULL,NULL,NULL,0,NULL,'2026-05-15 11:32:53','2026-05-15 11:32:53'),(183,'183','مرشد8',1,'2026-05-15','9613600183',NULL,NULL,NULL,0,NULL,'2026-05-15 11:32:53','2026-05-15 11:32:53'),(184,'184','مرشد9',1,'2026-05-15','9613600184',NULL,NULL,NULL,0,NULL,'2026-05-15 11:32:53','2026-05-15 11:32:53'),(185,'185','مرشد10',1,'2026-05-15','9613600185',NULL,NULL,NULL,1,'mmLo6m2CJkQQb6IPDHHwCrZeG5qILVuGe6KLsxw8','2026-05-15 11:32:53','2026-05-15 08:39:20'),(186,'186','مرشد11',1,'2026-05-15','9613600186',NULL,NULL,NULL,0,'l0yT0riQVUV2MHzznN0ltV3f6pPvMlWkyHY33u6I','2026-05-15 11:32:53','2026-05-15 08:34:56'),(187,'187','مرشد12',1,'2026-05-15','9613600187',NULL,NULL,NULL,0,NULL,'2026-05-15 11:32:53','2026-05-15 11:32:53'),(188,'188','مرشد13',1,'2026-05-15','9613600188',NULL,NULL,NULL,0,NULL,'2026-05-15 11:32:53','2026-05-15 11:32:53'),(189,'189','مرشد14',1,'2026-05-15','9613600189',NULL,NULL,NULL,0,NULL,'2026-05-15 11:32:53','2026-05-15 11:32:53'),(190,'190','الاسم190',1,'2026-05-15','9613600190',NULL,NULL,NULL,0,NULL,'2026-05-15 11:32:53','2026-05-15 11:32:53'),(191,'191','الاسم191',1,'2026-05-15','9613600191',NULL,NULL,NULL,0,NULL,'2026-05-15 11:32:53','2026-05-15 11:32:53'),(192,'192','الاسم192',1,'2026-05-15','9613600192',NULL,NULL,NULL,0,NULL,'2026-05-15 11:32:53','2026-05-15 11:32:53'),(193,'193','الاسم193',1,'2026-05-15','9613600193',NULL,NULL,NULL,0,NULL,'2026-05-15 11:32:53','2026-05-15 11:32:53'),(194,'194','الاسم194',1,'2026-05-15','9613600194',NULL,NULL,NULL,0,NULL,'2026-05-15 11:32:53','2026-05-15 11:32:53'),(195,'195','الاسم195',1,'2026-05-15','9613600195',NULL,NULL,NULL,0,NULL,'2026-05-15 11:32:53','2026-05-15 11:32:53'),(196,'196','الاسم196',1,'2026-05-15','9613600196',NULL,NULL,NULL,0,NULL,'2026-05-15 11:32:53','2026-05-15 11:32:53'),(197,'197','الاسم197',1,'2026-05-15','9613600197',NULL,NULL,NULL,0,NULL,'2026-05-15 11:32:53','2026-05-15 11:32:53'),(198,'198','الاسم198',1,'2026-05-15','9613600198',NULL,NULL,NULL,0,NULL,'2026-05-15 11:32:53','2026-05-15 11:32:53'),(199,'199','الاسم199',1,'2026-05-15','9613600199',NULL,NULL,NULL,0,NULL,'2026-05-15 11:32:53','2026-05-15 11:32:53'),(200,'200','الاسم200',1,'2026-05-15','9613600200',NULL,NULL,NULL,0,NULL,'2026-05-15 11:32:53','2026-05-15 11:32:53'),(201,'201','الاسم201',1,'2026-05-15','9613600201',NULL,NULL,NULL,0,NULL,'2026-05-15 11:32:53','2026-05-15 11:32:53'),(202,'202','الاسم202',1,'2026-05-15','9613600202',NULL,NULL,NULL,0,NULL,'2026-05-15 11:32:53','2026-05-15 11:32:53'),(203,'203','الاسم203',1,'2026-05-15','9613600203',NULL,NULL,NULL,0,NULL,'2026-05-15 11:32:53','2026-05-15 11:32:53'),(204,'204','الاسم204',1,'2026-05-15','9613600204',NULL,NULL,NULL,0,NULL,'2026-05-15 11:32:53','2026-05-15 11:32:53'),(205,'205','الاسم205',1,'2026-05-15','9613600205',NULL,NULL,NULL,0,NULL,'2026-05-15 11:32:53','2026-05-15 11:32:53'),(206,'206','الاسم206',1,'2026-05-15','9613600206',NULL,NULL,NULL,0,NULL,'2026-05-15 11:32:53','2026-05-15 11:32:53'),(207,'207','الاسم207',1,'2026-05-15','9613600207',NULL,NULL,NULL,0,NULL,'2026-05-15 11:32:53','2026-05-15 11:32:53'),(208,'208','الاسم208',1,'2026-05-15','9613600208',NULL,NULL,NULL,0,NULL,'2026-05-15 11:32:53','2026-05-15 11:32:53'),(209,'209','الاسم209',1,'2026-05-15','9613600209',NULL,NULL,NULL,0,NULL,'2026-05-15 11:32:53','2026-05-15 11:32:53'),(210,'210','الاسم210',1,'2026-05-15','9613600210',NULL,NULL,NULL,0,NULL,'2026-05-15 11:32:53','2026-05-15 11:32:53'),(211,'211','الاسم211',1,'2026-05-15','9613600211',NULL,NULL,NULL,0,NULL,'2026-05-15 11:32:53','2026-05-15 11:32:53'),(212,'212','الاسم212',1,'2026-05-15','9613600212',NULL,NULL,NULL,0,NULL,'2026-05-15 11:32:53','2026-05-15 11:32:53'),(213,'213','الاسم213',1,'2026-05-15','9613600213',NULL,NULL,NULL,0,NULL,'2026-05-15 11:32:53','2026-05-15 11:32:53'),(214,'214','الاسم214',1,'2026-05-15','9613600214',NULL,NULL,NULL,0,NULL,'2026-05-15 11:32:53','2026-05-15 11:32:53'),(215,'215','الاسم215',1,'2026-05-15','9613600215',NULL,NULL,NULL,0,NULL,'2026-05-15 11:32:53','2026-05-15 11:32:53'),(216,'216','الاسم216',1,'2026-05-15','9613600216',NULL,NULL,NULL,0,NULL,'2026-05-15 11:32:53','2026-05-15 11:32:53'),(217,'217','الاسم217',1,'2026-05-15','9613600217',NULL,NULL,NULL,0,NULL,'2026-05-15 11:32:53','2026-05-15 11:32:53'),(218,'218','الاسم218',1,'2026-05-15','9613600218',NULL,NULL,NULL,0,NULL,'2026-05-15 11:32:53','2026-05-15 11:32:53'),(219,'219','الاسم219',1,'2026-05-15','9613600219',NULL,NULL,NULL,0,NULL,'2026-05-15 11:32:53','2026-05-15 11:32:53'),(220,'220','الاسم220',1,'2026-05-15','9613600220',NULL,NULL,NULL,0,NULL,'2026-05-15 11:32:53','2026-05-15 11:32:53'),(221,'221','الاسم221',1,'2026-05-15','9613600221',NULL,NULL,NULL,0,NULL,'2026-05-15 11:32:53','2026-05-15 11:32:53'),(222,'222','الاسم222',1,'2026-05-15','9613600222',NULL,NULL,NULL,0,NULL,'2026-05-15 11:32:53','2026-05-15 11:32:53'),(223,'223','الاسم223',1,'2026-05-15','9613600223',NULL,NULL,NULL,0,NULL,'2026-05-15 11:32:53','2026-05-15 11:32:53'),(224,'224','الاسم224',1,'2026-05-15','9613600224',NULL,NULL,NULL,0,NULL,'2026-05-15 11:32:53','2026-05-15 11:32:53'),(225,'225','الاسم225',1,'2026-05-15','9613600225',NULL,NULL,NULL,0,NULL,'2026-05-15 11:32:53','2026-05-15 11:32:53'),(226,'226','الاسم226',1,'2026-05-15','9613600226',NULL,NULL,NULL,0,NULL,'2026-05-15 11:32:53','2026-05-15 11:32:53'),(227,'227','الاسم227',1,'2026-05-15','9613600227',NULL,NULL,NULL,0,NULL,'2026-05-15 11:32:53','2026-05-15 11:32:53'),(228,'228','الاسم228',2,'2026-05-15','9613600228',NULL,NULL,NULL,0,NULL,'2026-05-15 11:32:53','2026-05-15 11:32:53'),(229,'229','الاسم229',2,'2026-05-15','9613600229',NULL,NULL,NULL,0,NULL,'2026-05-15 11:32:53','2026-05-15 11:32:53'),(230,'230','الاسم230',2,'2026-05-15','9613600230',NULL,NULL,NULL,0,NULL,'2026-05-15 11:32:53','2026-05-15 11:32:53'),(231,'231','الاسم231',2,'2026-05-15','9613600231',NULL,NULL,NULL,0,NULL,'2026-05-15 11:32:53','2026-05-15 11:32:53'),(232,'232','الاسم232',2,'2026-05-15','9613600232',NULL,NULL,NULL,0,NULL,'2026-05-15 11:32:53','2026-05-15 11:32:53'),(233,'233','الاسم233',2,'2026-05-15','9613600233',NULL,NULL,NULL,0,NULL,'2026-05-15 11:32:53','2026-05-15 11:32:53'),(234,'234','الاسم234',2,'2026-05-15','9613600234',NULL,NULL,NULL,0,NULL,'2026-05-15 11:32:53','2026-05-15 11:32:53'),(235,'235','الاسم235',2,'2026-05-15','9613600235',NULL,NULL,NULL,0,NULL,'2026-05-15 11:32:53','2026-05-15 11:32:53'),(236,'236','الاسم236',2,'2026-05-15','9613600236',NULL,NULL,NULL,0,NULL,'2026-05-15 11:32:53','2026-05-15 11:32:53'),(237,'237','الاسم237',2,'2026-05-15','9613600237',NULL,NULL,NULL,0,NULL,'2026-05-15 11:32:53','2026-05-15 11:32:53'),(238,'238','الاسم238',2,'2026-05-15','9613600238',NULL,NULL,NULL,0,NULL,'2026-05-15 11:32:53','2026-05-15 11:32:53'),(239,'239','الاسم239',2,'2026-05-15','9613600239',NULL,NULL,NULL,0,NULL,'2026-05-15 11:32:53','2026-05-15 11:32:53'),(240,'240','الاسم240',2,'2026-05-15','9613600240',NULL,NULL,NULL,0,NULL,'2026-05-15 11:32:53','2026-05-15 11:32:53'),(241,'241','الاسم241',2,'2026-05-15','9613600241',NULL,NULL,NULL,0,NULL,'2026-05-15 11:32:53','2026-05-15 11:32:53'),(242,'242','الاسم242',2,'2026-05-15','9613600242',NULL,NULL,NULL,0,NULL,'2026-05-15 11:32:53','2026-05-15 11:32:53'),(243,'243','الاسم243',2,'2026-05-15','9613600243',NULL,NULL,NULL,0,NULL,'2026-05-15 11:32:53','2026-05-15 11:32:53'),(244,'244','الاسم244',2,'2026-05-15','9613600244',NULL,NULL,NULL,0,NULL,'2026-05-15 11:32:53','2026-05-15 11:32:53'),(245,'245','الاسم245',2,'2026-05-15','9613600245',NULL,NULL,NULL,0,NULL,'2026-05-15 11:32:53','2026-05-15 11:32:53'),(246,'246','الاسم246',2,'2026-05-15','9613600246',NULL,NULL,NULL,0,NULL,'2026-05-15 11:32:53','2026-05-15 11:32:53'),(247,'247','الاسم247',2,'2026-05-15','9613600247',NULL,NULL,NULL,0,NULL,'2026-05-15 11:32:53','2026-05-15 11:32:53'),(248,'248','الاسم248',2,'2026-05-15','9613600248',NULL,NULL,NULL,0,NULL,'2026-05-15 11:32:53','2026-05-15 11:32:53'),(249,'249','الاسم249',2,'2026-05-15','9613600249',NULL,NULL,NULL,0,NULL,'2026-05-15 11:32:53','2026-05-15 11:32:53'),(250,'250','الاسم250',2,'2026-05-15','9613600250',NULL,NULL,NULL,0,NULL,'2026-05-15 11:32:53','2026-05-15 11:32:53'),(251,'251','الاسم251',2,'2026-05-15','9613600251',NULL,NULL,NULL,0,NULL,'2026-05-15 11:32:53','2026-05-15 11:32:53'),(252,'252','الاسم252',2,'2026-05-15','9613600252',NULL,NULL,NULL,0,NULL,'2026-05-15 11:32:53','2026-05-15 11:32:53'),(253,'253','الاسم253',2,'2026-05-15','9613600253',NULL,NULL,NULL,0,NULL,'2026-05-15 11:32:53','2026-05-15 11:32:53'),(254,'254','الاسم254',2,'2026-05-15','9613600254',NULL,NULL,NULL,0,NULL,'2026-05-15 11:32:53','2026-05-15 11:32:53'),(255,'255','الاسم255',2,'2026-05-15','9613600255',NULL,NULL,NULL,0,NULL,'2026-05-15 11:32:53','2026-05-15 11:32:53'),(256,'256','الاسم256',2,'2026-05-15','9613600256',NULL,NULL,NULL,0,NULL,'2026-05-15 11:32:53','2026-05-15 11:32:53'),(257,'257','الاسم257',1,'2026-05-15','9613600257',NULL,NULL,NULL,0,'8q1LwI5VaND5aObvCRrIM5jyrMwx8mYEEiPySGZ3','2026-05-15 11:32:53','2026-05-15 08:37:09'),(258,'258','الاسم258',1,'2026-05-15','9613600258',NULL,NULL,NULL,0,NULL,'2026-05-15 11:32:53','2026-05-15 11:32:53'),(259,'259','الاسم259',1,'2026-05-15','9613600259',NULL,NULL,NULL,0,NULL,'2026-05-15 11:32:53','2026-05-15 11:32:53'),(260,'260','الاسم260',1,'2026-05-15','9613600260',NULL,NULL,NULL,0,NULL,'2026-05-15 11:32:53','2026-05-15 11:32:53'),(261,'261','الاسم261',1,'2026-05-15','9613600261',NULL,NULL,NULL,1,'8q1LwI5VaND5aObvCRrIM5jyrMwx8mYEEiPySGZ3','2026-05-15 11:32:53','2026-05-15 08:37:08'),(262,'262','الاسم262',1,'2026-05-15','9613600262',NULL,NULL,NULL,0,NULL,'2026-05-15 11:32:53','2026-05-15 11:32:53'),(263,'263','الاسم263',1,'2026-05-15','9613600263',NULL,NULL,NULL,0,'PFfZbRLjWG4KssUAZdUdMYkd0o1VFQk2IQRYdkAc','2026-05-15 11:32:53','2026-05-15 08:43:34'),(264,'264','الاسم264',1,'2026-05-15','9613600264',NULL,NULL,NULL,0,NULL,'2026-05-15 11:32:53','2026-05-15 11:32:53'),(265,'265','الاسم265',1,'2026-05-15','9613600265',NULL,NULL,NULL,0,NULL,'2026-05-15 11:32:53','2026-05-15 11:32:53'),(266,'266','الاسم266',1,'2026-05-15','9613600266',NULL,NULL,NULL,0,NULL,'2026-05-15 11:32:53','2026-05-15 11:32:53'),(267,'267','الاسم267',1,'2026-05-15','9613600267',NULL,NULL,NULL,0,NULL,'2026-05-15 11:32:53','2026-05-15 11:32:53'),(268,'268','الاسم268',1,'2026-05-15','9613600268',NULL,NULL,NULL,0,NULL,'2026-05-15 11:32:53','2026-05-15 11:32:53'),(269,'269','الاسم269',1,'2026-05-15','9613600269',NULL,NULL,NULL,0,NULL,'2026-05-15 11:32:53','2026-05-15 11:32:53'),(270,'270','الاسم270',1,'2026-05-15','9613600270',NULL,NULL,NULL,0,NULL,'2026-05-15 11:32:53','2026-05-15 11:32:53'),(271,'271','الاسم271',1,'2026-05-15','9613600271',NULL,NULL,NULL,0,NULL,'2026-05-15 11:32:53','2026-05-15 11:32:53'),(272,'272','الاسم272',1,'2026-05-15','9613600272',NULL,NULL,NULL,0,NULL,'2026-05-15 11:32:53','2026-05-15 11:32:53'),(273,'273','الاسم273',1,'2026-05-15','9613600273',NULL,NULL,NULL,0,NULL,'2026-05-15 11:32:53','2026-05-15 11:32:53'),(274,'274','الاسم274',1,'2026-05-15','9613600274',NULL,NULL,NULL,0,NULL,'2026-05-15 11:32:53','2026-05-15 11:32:53'),(275,'275','الاسم275',1,'2026-05-15','9613600275',NULL,NULL,NULL,0,NULL,'2026-05-15 11:32:53','2026-05-15 11:32:53'),(276,'276','الاسم276',1,'2026-05-15','9613600276',NULL,NULL,NULL,0,NULL,'2026-05-15 11:32:53','2026-05-15 11:32:53'),(277,'277','الاسم277',1,'2026-05-15','9613600277',NULL,NULL,NULL,0,NULL,'2026-05-15 11:32:53','2026-05-15 11:32:53'),(278,'278','الاسم278',1,'2026-05-15','9613600278',NULL,NULL,NULL,0,NULL,'2026-05-15 11:32:53','2026-05-15 11:32:53'),(279,'279','الاسم279',1,'2026-05-15','9613600279',NULL,NULL,NULL,0,NULL,'2026-05-15 11:32:53','2026-05-15 11:32:53'),(280,'280','الاسم280',1,'2026-05-15','9613600280',NULL,NULL,NULL,0,NULL,'2026-05-15 11:32:53','2026-05-15 11:32:53'),(281,'281','الاسم281',1,'2026-05-15','9613600281',NULL,NULL,NULL,0,NULL,'2026-05-15 11:32:53','2026-05-15 11:32:53'),(282,'282','الاسم282',1,'2026-05-15','9613600282',NULL,NULL,NULL,0,NULL,'2026-05-15 11:32:53','2026-05-15 11:32:53'),(283,'283','الاسم283',1,'2026-05-15','9613600283',NULL,NULL,NULL,0,NULL,'2026-05-15 11:32:53','2026-05-15 11:32:53'),(284,'284','الاسم284',1,'2026-05-15','9613600284',NULL,NULL,NULL,0,NULL,'2026-05-15 11:32:53','2026-05-15 11:32:53'),(285,'285','الاسم285',1,'2026-05-15','9613600285',NULL,NULL,NULL,0,NULL,'2026-05-15 11:32:53','2026-05-15 11:32:53'),(286,'286','الاسم286',1,'2026-05-15','9613600286',NULL,NULL,NULL,0,NULL,'2026-05-15 11:32:53','2026-05-15 11:32:53'),(287,'287','الاسم287',1,'2026-05-15','9613600287',NULL,NULL,NULL,0,NULL,'2026-05-15 11:32:53','2026-05-15 11:32:53'),(288,'288','الاسم288',1,'2026-05-15','9613600288',NULL,NULL,NULL,0,NULL,'2026-05-15 11:32:53','2026-05-15 11:32:53'),(289,'289','الاسم289',1,'2026-05-15','9613600289',NULL,NULL,NULL,0,NULL,'2026-05-15 11:32:53','2026-05-15 11:32:53'),(290,'290','الاسم290',1,'2026-05-15','9613600290',NULL,NULL,NULL,0,NULL,'2026-05-15 11:32:53','2026-05-15 11:32:53'),(291,'291','الاسم291',1,'2026-05-15','9613600291',NULL,NULL,NULL,0,NULL,'2026-05-15 11:32:53','2026-05-15 11:32:53'),(292,'292','الاسم292',1,'2026-05-15','9613600292',NULL,NULL,NULL,0,NULL,'2026-05-15 11:32:53','2026-05-15 11:32:53'),(293,'293','الاسم293',1,'2026-05-15','9613600293',NULL,NULL,NULL,0,NULL,'2026-05-15 11:32:53','2026-05-15 11:32:53'),(294,'294','الاسم294',1,'2026-05-15','9613600294',NULL,NULL,NULL,0,NULL,'2026-05-15 11:32:53','2026-05-15 11:32:53'),(295,'295','الاسم295',1,'2026-05-15','9613600295',NULL,NULL,NULL,0,NULL,'2026-05-15 11:32:53','2026-05-15 11:32:53'),(296,'296','الاسم296',1,'2026-05-15','9613600296',NULL,NULL,NULL,0,NULL,'2026-05-15 11:32:53','2026-05-15 11:32:53'),(297,'297','الاسم297',1,'2026-05-15','9613600297',NULL,NULL,NULL,0,NULL,'2026-05-15 11:32:53','2026-05-15 11:32:53'),(298,'298','الاسم298',1,'2026-05-15','9613600298',NULL,NULL,NULL,0,NULL,'2026-05-15 11:32:53','2026-05-15 11:32:53'),(299,'299','الاسم299',1,'2026-05-15','9613600299',NULL,NULL,NULL,0,NULL,'2026-05-15 11:32:53','2026-05-15 11:32:53'),(300,'300','الاسم300',1,'2026-05-15','9613600300',NULL,NULL,NULL,0,NULL,'2026-05-15 11:32:53','2026-05-15 11:32:53'),(301,'301','الاسم301',1,'2026-05-15','9613600301',NULL,NULL,NULL,0,NULL,'2026-05-15 11:32:53','2026-05-15 11:32:53'),(302,'302','الاسم302',1,'2026-05-15','9613600302',NULL,NULL,NULL,0,NULL,'2026-05-15 11:32:53','2026-05-15 11:32:53'),(303,'303','الاسم303',1,'2026-05-15','9613600303',NULL,NULL,NULL,0,NULL,'2026-05-15 11:32:53','2026-05-15 11:32:53'),(304,'304','الاسم304',1,'2026-05-15','9613600304',NULL,NULL,NULL,0,NULL,'2026-05-15 11:32:53','2026-05-15 11:32:53'),(305,'305','الاسم305',1,'2026-05-15','9613600305',NULL,NULL,NULL,0,NULL,'2026-05-15 11:32:53','2026-05-15 11:32:53'),(306,'306','الاسم306',1,'2026-05-15','9613600306',NULL,NULL,NULL,0,NULL,'2026-05-15 11:32:53','2026-05-15 11:32:53'),(307,'307','الاسم307',1,'2026-05-15','9613600307',NULL,NULL,NULL,0,NULL,'2026-05-15 11:32:53','2026-05-15 11:32:53'),(308,'308','الاسم308',1,'2026-05-15','9613600308',NULL,NULL,NULL,0,NULL,'2026-05-15 11:32:53','2026-05-15 11:32:53'),(309,'309','الاسم309',1,'2026-05-15','9613600309',NULL,NULL,NULL,0,NULL,'2026-05-15 11:32:53','2026-05-15 11:32:53'),(310,'310','الاسم310',1,'2026-05-15','9613600310',NULL,NULL,NULL,0,NULL,'2026-05-15 11:32:53','2026-05-15 11:32:53'),(311,'311','الاسم311',1,'2026-05-15','9613600311',NULL,NULL,NULL,0,NULL,'2026-05-15 11:32:53','2026-05-15 11:32:53'),(312,'312','الاسم312',1,'2026-05-15','9613600312',NULL,NULL,NULL,0,NULL,'2026-05-15 11:32:53','2026-05-15 11:32:53'),(313,'313','الاسم313',1,'2026-05-15','9613600313',NULL,NULL,NULL,0,NULL,'2026-05-15 11:32:53','2026-05-15 11:32:53'),(314,'314','الاسم314',1,'2026-05-15','9613600314',NULL,NULL,NULL,0,NULL,'2026-05-15 11:32:53','2026-05-15 11:32:53'),(315,'315','الاسم315',1,'2026-05-15','9613600315',NULL,NULL,NULL,0,NULL,'2026-05-15 11:32:53','2026-05-15 11:32:53'),(316,'316','الاسم316',1,'2026-05-15','9613600316',NULL,NULL,NULL,0,NULL,'2026-05-15 11:32:53','2026-05-15 11:32:53'),(317,'317','الاسم317',1,'2026-05-15','9613600317',NULL,NULL,NULL,0,NULL,'2026-05-15 11:32:53','2026-05-15 11:32:53'),(318,'318','الاسم318',1,'2026-05-15','9613600318',NULL,NULL,NULL,0,NULL,'2026-05-15 11:32:53','2026-05-15 11:32:53'),(319,'319','الاسم319',1,'2026-05-15','9613600319',NULL,NULL,NULL,0,NULL,'2026-05-15 11:32:53','2026-05-15 11:32:53');
/*!40000 ALTER TABLE `profiles` ENABLE KEYS */;
UNLOCK TABLES;

--
-- Table structure for table `profiles_infos`
--

DROP TABLE IF EXISTS `profiles_infos`;
/*!40101 SET @saved_cs_client     = @@character_set_client */;
/*!50503 SET character_set_client = utf8mb4 */;
CREATE TABLE `profiles_infos` (
  `profile_code` bigint NOT NULL,
  `residence` varchar(255) DEFAULT NULL,
  `joiningdate` date DEFAULT NULL,
  `category` varchar(45) DEFAULT NULL,
  `nominate` varchar(45) DEFAULT NULL,
  `candidate` varchar(45) DEFAULT NULL,
  `nationality` varchar(45) DEFAULT NULL,
  `social_situation` varchar(45) DEFAULT NULL,
  `children` int DEFAULT NULL,
  `children_age` varchar(45) DEFAULT NULL,
  `education` varchar(45) DEFAULT NULL,
  `current_work` varchar(300) DEFAULT NULL,
  `word_about_association` text,
  `work_at_association` text,
  `identifiers` text,
  PRIMARY KEY (`profile_code`)
) ENGINE=InnoDB DEFAULT CHARSET=utf8mb4 COLLATE=utf8mb4_0900_ai_ci;
/*!40101 SET character_set_client = @saved_cs_client */;

--
-- Dumping data for table `profiles_infos`
--

LOCK TABLES `profiles_infos` WRITE;
/*!40000 ALTER TABLE `profiles_infos` DISABLE KEYS */;
/*!40000 ALTER TABLE `profiles_infos` ENABLE KEYS */;
UNLOCK TABLES;

--
-- Table structure for table `settings`
--

DROP TABLE IF EXISTS `settings`;
/*!40101 SET @saved_cs_client     = @@character_set_client */;
/*!50503 SET character_set_client = utf8mb4 */;
CREATE TABLE `settings` (
  `idsettings` int NOT NULL AUTO_INCREMENT,
  `settings_name` varchar(300) CHARACTER SET utf8mb3 COLLATE utf8mb3_unicode_ci DEFAULT NULL,
  `settings_value` tinyint DEFAULT NULL,
  `created_at` timestamp NULL DEFAULT CURRENT_TIMESTAMP,
  `updated_at` timestamp NULL DEFAULT CURRENT_TIMESTAMP ON UPDATE CURRENT_TIMESTAMP,
  PRIMARY KEY (`idsettings`),
  KEY `ix_settname` (`settings_name`)
) ENGINE=InnoDB DEFAULT CHARSET=utf8mb3 COLLATE=utf8mb3_unicode_ci;
/*!40101 SET character_set_client = @saved_cs_client */;

--
-- Dumping data for table `settings`
--

LOCK TABLES `settings` WRITE;
/*!40000 ALTER TABLE `settings` DISABLE KEYS */;
/*!40000 ALTER TABLE `settings` ENABLE KEYS */;
UNLOCK TABLES;

--
-- Table structure for table `subjects`
--

DROP TABLE IF EXISTS `subjects`;
/*!40101 SET @saved_cs_client     = @@character_set_client */;
/*!50503 SET character_set_client = utf8mb4 */;
CREATE TABLE `subjects` (
  `idsubjects` int NOT NULL AUTO_INCREMENT,
  `subject_code` varchar(45) CHARACTER SET utf8mb3 COLLATE utf8mb3_unicode_ci DEFAULT NULL,
  `title` varchar(45) CHARACTER SET utf8mb3 COLLATE utf8mb3_unicode_ci DEFAULT NULL,
  `description` text CHARACTER SET utf8mb3 COLLATE utf8mb3_unicode_ci,
  `picture` text CHARACTER SET utf8mb3 COLLATE utf8mb3_unicode_ci,
  `created_at` timestamp NULL DEFAULT CURRENT_TIMESTAMP,
  `updated_at` timestamp NULL DEFAULT CURRENT_TIMESTAMP ON UPDATE CURRENT_TIMESTAMP,
  PRIMARY KEY (`idsubjects`)
) ENGINE=InnoDB DEFAULT CHARSET=utf8mb3 COLLATE=utf8mb3_unicode_ci;
/*!40101 SET character_set_client = @saved_cs_client */;

--
-- Dumping data for table `subjects`
--

LOCK TABLES `subjects` WRITE;
/*!40000 ALTER TABLE `subjects` DISABLE KEYS */;
/*!40000 ALTER TABLE `subjects` ENABLE KEYS */;
UNLOCK TABLES;

--
-- Table structure for table `users`
--

DROP TABLE IF EXISTS `users`;
/*!40101 SET @saved_cs_client     = @@character_set_client */;
/*!50503 SET character_set_client = utf8mb4 */;
CREATE TABLE `users` (
  `idusers` bigint NOT NULL AUTO_INCREMENT,
  `user_code` varchar(300) CHARACTER SET utf8mb3 COLLATE utf8mb3_unicode_ci DEFAULT NULL,
  `election_code` varchar(45) CHARACTER SET utf8mb3 COLLATE utf8mb3_unicode_ci DEFAULT NULL,
  `profile_code` varchar(45) CHARACTER SET utf8mb3 COLLATE utf8mb3_unicode_ci DEFAULT NULL,
  `isblocked` tinyint DEFAULT NULL,
  `remember_token` varchar(100) CHARACTER SET utf8mb3 COLLATE utf8mb3_unicode_ci DEFAULT NULL,
  `admin` tinyint DEFAULT NULL,
  `isleader` tinyint DEFAULT NULL,
  `isvoter` tinyint DEFAULT NULL,
  `created_at` timestamp NULL DEFAULT CURRENT_TIMESTAMP,
  `updated_at` timestamp NULL DEFAULT CURRENT_TIMESTAMP ON UPDATE CURRENT_TIMESTAMP,
  PRIMARY KEY (`idusers`),
  UNIQUE KEY `ix_usercode` (`user_code`,`election_code`),
  KEY `ix_profile_code` (`profile_code`,`user_code`) /*!80000 INVISIBLE */
) ENGINE=InnoDB AUTO_INCREMENT=320 DEFAULT CHARSET=utf8mb3 COLLATE=utf8mb3_unicode_ci;
/*!40101 SET character_set_client = @saved_cs_client */;

--
-- Dumping data for table `users`
--

LOCK TABLES `users` WRITE;
/*!40000 ALTER TABLE `users` DISABLE KEYS */;
INSERT INTO `users` VALUES (1,'8034','ele_1','1',0,NULL,0,0,1,'2026-05-15 11:33:07','2026-05-15 11:33:07'),(2,'4599','ele_1','10',0,NULL,0,0,1,'2026-05-15 11:33:07','2026-05-15 11:33:07'),(3,'4759','ele_1','100',0,NULL,0,0,1,'2026-05-15 11:33:07','2026-05-15 11:33:07'),(4,'1053','ele_1','101',0,NULL,0,0,1,'2026-05-15 11:33:07','2026-05-15 11:33:07'),(5,'7294','ele_1','102',0,NULL,0,0,1,'2026-05-15 11:33:07','2026-05-15 11:33:07'),(6,'1177','ele_1','103',0,NULL,0,0,1,'2026-05-15 11:33:07','2026-05-15 11:33:07'),(7,'0373','ele_1','104',0,NULL,0,0,1,'2026-05-15 11:33:07','2026-05-15 11:33:07'),(8,'4901','ele_1','105',0,NULL,0,0,0,'2026-05-15 11:33:07','2026-05-15 11:33:07'),(9,'1247','ele_1','106',0,NULL,0,0,1,'2026-05-15 11:33:07','2026-05-15 11:33:07'),(10,'0345','ele_1','107',0,NULL,0,0,1,'2026-05-15 11:33:07','2026-05-15 11:33:07'),(11,'2157','ele_1','108',0,NULL,0,0,1,'2026-05-15 11:33:07','2026-05-15 11:33:07'),(12,'9235','ele_1','109',0,NULL,0,0,1,'2026-05-15 11:33:07','2026-05-15 11:33:07'),(13,'5241','ele_1','11',0,NULL,0,0,1,'2026-05-15 11:33:07','2026-05-15 11:33:07'),(14,'6215','ele_1','110',0,NULL,0,0,1,'2026-05-15 11:33:07','2026-05-15 11:33:07'),(15,'7244','ele_1','111',0,NULL,0,0,1,'2026-05-15 11:33:07','2026-05-15 11:33:07'),(16,'4453','ele_1','112',0,NULL,0,0,1,'2026-05-15 11:33:07','2026-05-15 11:33:07'),(17,'0956','ele_1','113',0,NULL,0,0,1,'2026-05-15 11:33:07','2026-05-15 11:33:07'),(18,'6267','ele_1','114',0,NULL,0,0,1,'2026-05-15 11:33:07','2026-05-15 11:33:07'),(19,'7609','ele_1','115',0,NULL,0,0,1,'2026-05-15 11:33:07','2026-05-15 11:33:07'),(20,'2323','ele_1','116',0,NULL,0,0,1,'2026-05-15 11:33:07','2026-05-15 11:33:07'),(21,'3073','ele_1','117',0,NULL,0,0,1,'2026-05-15 11:33:07','2026-05-15 11:33:07'),(22,'1149','ele_1','118',0,NULL,0,0,1,'2026-05-15 11:33:07','2026-05-15 11:33:07'),(23,'7050','ele_1','119',0,NULL,0,0,1,'2026-05-15 11:33:07','2026-05-15 11:33:07'),(24,'9489','ele_1','12',0,NULL,0,0,1,'2026-05-15 11:33:07','2026-05-15 11:33:07'),(25,'9453','ele_1','120',0,NULL,0,0,1,'2026-05-15 11:33:07','2026-05-15 11:33:07'),(26,'4006','ele_1','121',0,NULL,0,0,1,'2026-05-15 11:33:07','2026-05-15 11:33:07'),(27,'7009','ele_1','122',0,NULL,0,0,1,'2026-05-15 11:33:07','2026-05-15 11:33:07'),(28,'5002','ele_1','123',0,NULL,0,0,1,'2026-05-15 11:33:07','2026-05-15 11:33:07'),(29,'9799','ele_1','124',0,NULL,0,0,1,'2026-05-15 11:33:07','2026-05-15 11:33:07'),(30,'9739','ele_1','125',0,NULL,0,0,1,'2026-05-15 11:33:07','2026-05-15 11:33:07'),(31,'0252','ele_1','126',0,NULL,0,0,1,'2026-05-15 11:33:07','2026-05-15 11:33:07'),(32,'3875','ele_1','127',0,NULL,0,0,1,'2026-05-15 11:33:07','2026-05-15 11:33:07'),(33,'7456','ele_1','128',0,NULL,0,0,1,'2026-05-15 11:33:07','2026-05-15 11:33:07'),(34,'7513','ele_1','129',0,NULL,0,0,1,'2026-05-15 11:33:07','2026-05-15 11:33:07'),(35,'0325','ele_1','13',0,NULL,0,0,1,'2026-05-15 11:33:07','2026-05-15 11:33:07'),(36,'5445','ele_1','130',0,NULL,0,0,1,'2026-05-15 11:33:07','2026-05-15 11:33:07'),(37,'1066','ele_1','131',0,NULL,0,0,1,'2026-05-15 11:33:07','2026-05-15 11:33:07'),(38,'9368','ele_1','132',0,NULL,0,0,1,'2026-05-15 11:33:07','2026-05-15 11:33:07'),(39,'9006','ele_1','133',0,NULL,0,0,1,'2026-05-15 11:33:07','2026-05-15 11:33:07'),(40,'5263','ele_1','134',0,NULL,0,0,1,'2026-05-15 11:33:07','2026-05-15 11:33:07'),(41,'0843','ele_1','135',0,NULL,0,0,1,'2026-05-15 11:33:07','2026-05-15 11:33:07'),(42,'7860','ele_1','136',0,NULL,0,0,1,'2026-05-15 11:33:07','2026-05-15 11:33:07'),(43,'0935','ele_1','137',0,NULL,0,0,1,'2026-05-15 11:33:07','2026-05-15 11:33:07'),(44,'3756','ele_1','138',0,NULL,0,0,1,'2026-05-15 11:33:07','2026-05-15 11:33:07'),(45,'0477','ele_1','139',0,NULL,0,0,1,'2026-05-15 11:33:07','2026-05-15 11:33:07'),(46,'6207','ele_1','14',0,NULL,0,0,0,'2026-05-15 11:33:07','2026-05-15 11:33:07'),(47,'5390','ele_1','140',0,NULL,0,0,1,'2026-05-15 11:33:07','2026-05-15 11:33:07'),(48,'8250','ele_1','141',0,NULL,0,0,1,'2026-05-15 11:33:07','2026-05-15 11:33:07'),(49,'0886','ele_1','142',0,NULL,0,0,1,'2026-05-15 11:33:07','2026-05-15 11:33:07'),(50,'9645','ele_1','143',0,NULL,0,0,1,'2026-05-15 11:33:07','2026-05-15 11:33:07'),(51,'5084','ele_1','144',0,NULL,0,0,1,'2026-05-15 11:33:07','2026-05-15 11:33:07'),(52,'5412','ele_1','145',0,NULL,0,0,1,'2026-05-15 11:33:07','2026-05-15 11:33:07'),(53,'4786','ele_1','146',0,NULL,0,0,0,'2026-05-15 11:33:07','2026-05-15 11:33:07'),(54,'2584','ele_1','147',0,NULL,0,0,1,'2026-05-15 11:33:07','2026-05-15 11:33:07'),(55,'6728','ele_1','148',0,NULL,0,0,1,'2026-05-15 11:33:07','2026-05-15 11:33:07'),(56,'0656','ele_1','149',0,NULL,0,0,1,'2026-05-15 11:33:07','2026-05-15 11:33:07'),(57,'9965','ele_1','15',0,NULL,0,0,1,'2026-05-15 11:33:07','2026-05-15 11:33:07'),(58,'9867','ele_1','150',0,NULL,0,0,1,'2026-05-15 11:33:07','2026-05-15 11:33:07'),(59,'4151','ele_1','151',0,NULL,0,0,1,'2026-05-15 11:33:07','2026-05-15 11:33:07'),(60,'8376','ele_1','152',0,NULL,0,0,1,'2026-05-15 11:33:07','2026-05-15 11:33:07'),(61,'7847','ele_1','153',0,NULL,0,0,1,'2026-05-15 11:33:07','2026-05-15 11:33:07'),(62,'1430','ele_1','154',0,NULL,0,0,1,'2026-05-15 11:33:07','2026-05-15 11:33:07'),(63,'2040','ele_1','155',0,NULL,0,0,1,'2026-05-15 11:33:07','2026-05-15 11:33:07'),(64,'5709','ele_1','156',0,NULL,0,0,1,'2026-05-15 11:33:07','2026-05-15 11:33:07'),(65,'8764','ele_1','157',0,NULL,0,0,1,'2026-05-15 11:33:07','2026-05-15 11:33:07'),(66,'0488','ele_1','158',0,NULL,0,0,1,'2026-05-15 11:33:07','2026-05-15 11:33:07'),(67,'8331','ele_1','159',0,NULL,0,0,1,'2026-05-15 11:33:07','2026-05-15 11:33:07'),(68,'7246','ele_1','16',0,NULL,0,0,1,'2026-05-15 11:33:07','2026-05-15 11:33:07'),(69,'9532','ele_1','160',0,NULL,0,0,1,'2026-05-15 11:33:07','2026-05-15 11:33:07'),(70,'2555','ele_1','161',0,NULL,0,0,1,'2026-05-15 11:33:07','2026-05-15 11:33:07'),(71,'1833','ele_1','162',0,NULL,0,1,1,'2026-05-15 11:33:07','2026-05-15 11:33:07'),(72,'5847','ele_1','163',0,NULL,0,1,0,'2026-05-15 11:33:07','2026-05-15 11:33:07'),(73,'8976','ele_1','164',0,NULL,0,1,1,'2026-05-15 11:33:07','2026-05-15 11:33:07'),(74,'2043','ele_1','165',0,NULL,0,0,1,'2026-05-15 11:33:07','2026-05-15 11:33:07'),(75,'4438','ele_1','166',0,NULL,0,1,1,'2026-05-15 11:33:07','2026-05-15 11:33:07'),(76,'8322','ele_1','167',0,NULL,0,1,1,'2026-05-15 11:33:07','2026-05-15 11:33:07'),(77,'7720','ele_1','168',0,NULL,0,1,1,'2026-05-15 11:33:07','2026-05-15 11:33:07'),(78,'1622','ele_1','169',0,NULL,0,1,1,'2026-05-15 11:33:07','2026-05-15 11:33:07'),(79,'8597','ele_1','17',0,NULL,0,0,0,'2026-05-15 11:33:07','2026-05-15 11:33:07'),(80,'6034','ele_1','170',0,NULL,0,1,1,'2026-05-15 11:33:07','2026-05-15 11:33:07'),(81,'1196','ele_1','171',0,NULL,0,1,0,'2026-05-15 11:33:07','2026-05-15 11:33:07'),(82,'8710','ele_1','172',0,NULL,0,1,1,'2026-05-15 11:33:07','2026-05-15 11:33:07'),(83,'6616','ele_1','173',0,NULL,0,0,1,'2026-05-15 11:33:07','2026-05-15 11:33:07'),(84,'4691','ele_1','174',0,NULL,0,1,1,'2026-05-15 11:33:07','2026-05-15 11:33:07'),(85,'4057','ele_1','175',0,NULL,0,1,1,'2026-05-15 11:33:07','2026-05-15 11:33:07'),(86,'2783','ele_1','176',0,NULL,0,1,1,'2026-05-15 11:33:07','2026-05-15 11:33:07'),(87,'0128','ele_1','177',0,NULL,0,1,1,'2026-05-15 11:33:07','2026-05-15 11:33:07'),(88,'9147','ele_1','178',0,NULL,0,1,1,'2026-05-15 11:33:07','2026-05-15 11:33:07'),(89,'4720','ele_1','179',0,NULL,0,0,1,'2026-05-15 11:33:07','2026-05-15 11:33:07'),(90,'4766','ele_1','18',0,NULL,0,0,1,'2026-05-15 11:33:07','2026-05-15 11:33:07'),(91,'6944','ele_1','180',0,NULL,0,1,1,'2026-05-15 11:33:07','2026-05-15 11:33:07'),(92,'7549','ele_1','181',0,NULL,0,1,1,'2026-05-15 11:33:07','2026-05-15 11:33:07'),(93,'8103','ele_1','182',0,NULL,0,1,1,'2026-05-15 11:33:07','2026-05-15 11:33:07'),(94,'9176','ele_1','183',0,NULL,0,1,1,'2026-05-15 11:33:07','2026-05-15 11:33:07'),(95,'7605','ele_1','184',0,NULL,0,1,1,'2026-05-15 11:33:07','2026-05-15 11:33:07'),(96,'4800','ele_1','185',0,NULL,0,1,1,'2026-05-15 11:33:07','2026-05-15 11:33:07'),(97,'5966','ele_1','186',0,NULL,0,1,1,'2026-05-15 11:33:07','2026-05-15 11:33:07'),(98,'5670','ele_1','187',0,NULL,0,1,1,'2026-05-15 11:33:07','2026-05-15 11:33:07'),(99,'5808','ele_1','188',0,NULL,0,1,1,'2026-05-15 11:33:07','2026-05-15 11:33:07'),(100,'5387','ele_1','189',0,NULL,0,1,1,'2026-05-15 11:33:07','2026-05-15 11:33:07'),(101,'2823','ele_1','19',0,NULL,0,0,0,'2026-05-15 11:33:07','2026-05-15 11:33:07'),(102,'4694','ele_1','190',0,NULL,0,0,1,'2026-05-15 11:33:07','2026-05-15 11:33:07'),(103,'6063','ele_1','191',0,NULL,0,0,1,'2026-05-15 11:33:07','2026-05-15 11:33:07'),(104,'6779','ele_1','192',0,NULL,0,0,1,'2026-05-15 11:33:07','2026-05-15 11:33:07'),(105,'8041','ele_1','193',0,NULL,0,0,1,'2026-05-15 11:33:07','2026-05-15 11:33:07'),(106,'8423','ele_1','194',0,NULL,0,0,1,'2026-05-15 11:33:07','2026-05-15 11:33:07'),(107,'0222','ele_1','195',0,NULL,0,0,1,'2026-05-15 11:33:07','2026-05-15 11:33:07'),(108,'5730','ele_1','196',0,NULL,0,0,1,'2026-05-15 11:33:07','2026-05-15 11:33:07'),(109,'2313','ele_1','197',0,NULL,0,0,1,'2026-05-15 11:33:07','2026-05-15 11:33:07'),(110,'9027','ele_1','198',0,NULL,0,0,1,'2026-05-15 11:33:07','2026-05-15 11:33:07'),(111,'1253','ele_1','199',0,NULL,0,0,1,'2026-05-15 11:33:07','2026-05-15 11:33:07'),(112,'3765','ele_1','2',0,NULL,0,0,1,'2026-05-15 11:33:07','2026-05-15 11:33:07'),(113,'0654','ele_1','20',0,NULL,0,0,1,'2026-05-15 11:33:07','2026-05-15 11:33:07'),(114,'9372','ele_1','200',0,NULL,0,0,0,'2026-05-15 11:33:07','2026-05-15 11:33:07'),(115,'7028','ele_1','201',0,NULL,0,0,1,'2026-05-15 11:33:07','2026-05-15 11:33:07'),(116,'2218','ele_1','202',0,NULL,0,0,0,'2026-05-15 11:33:07','2026-05-15 11:33:07'),(117,'7396','ele_1','203',0,NULL,0,0,1,'2026-05-15 11:33:07','2026-05-15 11:33:07'),(118,'8926','ele_1','204',0,NULL,0,0,0,'2026-05-15 11:33:07','2026-05-15 11:33:07'),(119,'6208','ele_1','205',0,NULL,0,0,1,'2026-05-15 11:33:07','2026-05-15 11:33:07'),(120,'9884','ele_1','206',0,NULL,0,0,0,'2026-05-15 11:33:07','2026-05-15 11:33:07'),(121,'9158','ele_1','207',0,NULL,0,0,1,'2026-05-15 11:33:07','2026-05-15 11:33:07'),(122,'4512','ele_1','208',0,NULL,0,0,1,'2026-05-15 11:33:07','2026-05-15 11:33:07'),(123,'1289','ele_1','209',0,NULL,0,0,1,'2026-05-15 11:33:07','2026-05-15 11:33:07'),(124,'8874','ele_1','21',0,NULL,0,0,1,'2026-05-15 11:33:07','2026-05-15 11:33:07'),(125,'9776','ele_1','210',0,NULL,0,0,1,'2026-05-15 11:33:07','2026-05-15 11:33:07'),(126,'0256','ele_1','211',0,NULL,0,0,1,'2026-05-15 11:33:07','2026-05-15 11:33:07'),(127,'0537','ele_1','212',0,NULL,0,0,1,'2026-05-15 11:33:07','2026-05-15 11:33:07'),(128,'9878','ele_1','213',0,NULL,0,0,1,'2026-05-15 11:33:07','2026-05-15 11:33:07'),(129,'0657','ele_1','214',0,NULL,0,0,1,'2026-05-15 11:33:07','2026-05-15 11:33:07'),(130,'9550','ele_1','215',0,NULL,0,0,1,'2026-05-15 11:33:07','2026-05-15 11:33:07'),(131,'8879','ele_1','216',0,NULL,0,0,1,'2026-05-15 11:33:07','2026-05-15 11:33:07'),(132,'6580','ele_1','217',0,NULL,0,0,1,'2026-05-15 11:33:07','2026-05-15 11:33:07'),(133,'8436','ele_1','218',0,NULL,0,0,0,'2026-05-15 11:33:07','2026-05-15 11:33:07'),(134,'7446','ele_1','219',0,NULL,0,0,0,'2026-05-15 11:33:07','2026-05-15 11:33:07'),(135,'2416','ele_1','22',0,NULL,0,0,1,'2026-05-15 11:33:07','2026-05-15 11:33:07'),(136,'8727','ele_1','220',0,NULL,0,0,1,'2026-05-15 11:33:07','2026-05-15 11:33:07'),(137,'2445','ele_1','221',0,NULL,0,0,1,'2026-05-15 11:33:07','2026-05-15 11:33:07'),(138,'3986','ele_1','222',0,NULL,0,0,1,'2026-05-15 11:33:07','2026-05-15 11:33:07'),(139,'2153','ele_1','223',0,NULL,0,0,1,'2026-05-15 11:33:07','2026-05-15 11:33:07'),(140,'1002','ele_1','224',0,NULL,0,0,1,'2026-05-15 11:33:07','2026-05-15 11:33:07'),(141,'7607','ele_1','225',0,NULL,0,0,1,'2026-05-15 11:33:07','2026-05-15 11:33:07'),(142,'2372','ele_1','226',0,NULL,0,0,1,'2026-05-15 11:33:07','2026-05-15 11:33:07'),(143,'5427','ele_1','227',0,NULL,0,0,1,'2026-05-15 11:33:07','2026-05-15 11:33:07'),(144,'8619','ele_1','228',0,NULL,0,0,1,'2026-05-15 11:33:07','2026-05-15 11:33:07'),(145,'2036','ele_1','229',0,NULL,0,0,1,'2026-05-15 11:33:07','2026-05-15 11:33:07'),(146,'2311','ele_1','23',0,NULL,0,0,1,'2026-05-15 11:33:07','2026-05-15 11:33:07'),(147,'7344','ele_1','230',0,NULL,0,0,1,'2026-05-15 11:33:07','2026-05-15 11:33:07'),(148,'2295','ele_1','231',0,NULL,0,0,1,'2026-05-15 11:33:07','2026-05-15 11:33:07'),(149,'9719','ele_1','232',0,NULL,0,0,1,'2026-05-15 11:33:07','2026-05-15 11:33:07'),(150,'1729','ele_1','233',0,NULL,0,0,0,'2026-05-15 11:33:07','2026-05-15 11:33:07'),(151,'3823','ele_1','234',0,NULL,0,0,1,'2026-05-15 11:33:07','2026-05-15 11:33:07'),(152,'7550','ele_1','235',0,NULL,0,0,1,'2026-05-15 11:33:07','2026-05-15 11:33:07'),(153,'5737','ele_1','236',0,NULL,0,0,1,'2026-05-15 11:33:07','2026-05-15 11:33:07'),(154,'2440','ele_1','237',0,NULL,0,0,0,'2026-05-15 11:33:07','2026-05-15 11:33:07'),(155,'7734','ele_1','238',0,NULL,0,0,1,'2026-05-15 11:33:07','2026-05-15 11:33:07'),(156,'4242','ele_1','239',0,NULL,0,0,1,'2026-05-15 11:33:07','2026-05-15 11:33:07'),(157,'0335','ele_1','24',0,NULL,0,0,1,'2026-05-15 11:33:07','2026-05-15 11:33:07'),(158,'8918','ele_1','240',0,NULL,0,0,1,'2026-05-15 11:33:07','2026-05-15 11:33:07'),(159,'5819','ele_1','241',0,NULL,0,0,1,'2026-05-15 11:33:07','2026-05-15 11:33:07'),(160,'3224','ele_1','242',0,NULL,0,0,1,'2026-05-15 11:33:07','2026-05-15 11:33:07'),(161,'6606','ele_1','243',0,NULL,0,0,0,'2026-05-15 11:33:07','2026-05-15 11:33:07'),(162,'0383','ele_1','244',0,NULL,0,0,1,'2026-05-15 11:33:07','2026-05-15 11:33:07'),(163,'1383','ele_1','245',0,NULL,0,0,1,'2026-05-15 11:33:07','2026-05-15 11:33:07'),(164,'5733','ele_1','246',0,NULL,0,0,1,'2026-05-15 11:33:07','2026-05-15 11:33:07'),(165,'3606','ele_1','247',0,NULL,0,0,1,'2026-05-15 11:33:07','2026-05-15 11:33:07'),(166,'7825','ele_1','248',0,NULL,0,0,1,'2026-05-15 11:33:07','2026-05-15 11:33:07'),(167,'5795','ele_1','249',0,NULL,0,0,1,'2026-05-15 11:33:07','2026-05-15 11:33:07'),(168,'6622','ele_1','25',0,NULL,0,0,1,'2026-05-15 11:33:07','2026-05-15 11:33:07'),(169,'4650','ele_1','250',0,NULL,0,0,1,'2026-05-15 11:33:07','2026-05-15 11:33:07'),(170,'3567','ele_1','251',0,NULL,0,0,1,'2026-05-15 11:33:07','2026-05-15 11:33:07'),(171,'7167','ele_1','252',0,NULL,0,0,1,'2026-05-15 11:33:07','2026-05-15 11:33:07'),(172,'9789','ele_1','253',0,NULL,0,0,1,'2026-05-15 11:33:07','2026-05-15 11:33:07'),(173,'9249','ele_1','254',0,NULL,0,0,0,'2026-05-15 11:33:07','2026-05-15 11:33:07'),(174,'3522','ele_1','255',0,NULL,0,0,0,'2026-05-15 11:33:07','2026-05-15 11:33:07'),(175,'0686','ele_1','256',0,NULL,0,0,1,'2026-05-15 11:33:07','2026-05-15 11:33:07'),(176,'2345','ele_1','257',0,NULL,0,0,1,'2026-05-15 11:33:07','2026-05-15 11:33:07'),(177,'1067','ele_1','258',0,NULL,0,0,1,'2026-05-15 11:33:07','2026-05-15 11:33:07'),(178,'6614','ele_1','259',0,NULL,0,0,1,'2026-05-15 11:33:07','2026-05-15 11:33:07'),(179,'6983','ele_1','26',0,NULL,0,0,1,'2026-05-15 11:33:07','2026-05-15 11:33:07'),(180,'5159','ele_1','260',0,NULL,0,0,0,'2026-05-15 11:33:07','2026-05-15 11:33:07'),(181,'2185','ele_1','261',0,NULL,0,0,1,'2026-05-15 11:33:07','2026-05-15 11:33:07'),(182,'6711','ele_1','262',0,NULL,0,0,1,'2026-05-15 11:33:07','2026-05-15 11:33:07'),(183,'5381','ele_1','263',0,NULL,0,0,1,'2026-05-15 11:33:07','2026-05-15 11:33:07'),(184,'1286','ele_1','264',0,NULL,0,0,1,'2026-05-15 11:33:07','2026-05-15 11:33:07'),(185,'7934','ele_1','265',0,NULL,0,0,0,'2026-05-15 11:33:07','2026-05-15 11:33:07'),(186,'5176','ele_1','266',0,NULL,0,0,1,'2026-05-15 11:33:07','2026-05-15 11:33:07'),(187,'7900','ele_1','267',0,NULL,0,0,1,'2026-05-15 11:33:07','2026-05-15 11:33:07'),(188,'8873','ele_1','268',0,NULL,0,0,1,'2026-05-15 11:33:07','2026-05-15 11:33:07'),(189,'8762','ele_1','269',0,NULL,0,0,1,'2026-05-15 11:33:07','2026-05-15 11:33:07'),(190,'9801','ele_1','27',0,NULL,0,0,1,'2026-05-15 11:33:07','2026-05-15 11:33:07'),(191,'6162','ele_1','270',0,NULL,0,0,1,'2026-05-15 11:33:07','2026-05-15 11:33:07'),(192,'0922','ele_1','271',0,NULL,0,0,1,'2026-05-15 11:33:07','2026-05-15 11:33:07'),(193,'2577','ele_1','272',0,NULL,0,0,1,'2026-05-15 11:33:07','2026-05-15 11:33:07'),(194,'4125','ele_1','273',0,NULL,0,0,1,'2026-05-15 11:33:07','2026-05-15 11:33:07'),(195,'6797','ele_1','274',0,NULL,0,0,1,'2026-05-15 11:33:07','2026-05-15 11:33:07'),(196,'7600','ele_1','275',0,NULL,0,0,1,'2026-05-15 11:33:07','2026-05-15 11:33:07'),(197,'1998','ele_1','276',0,NULL,0,0,1,'2026-05-15 11:33:07','2026-05-15 11:33:07'),(198,'1798','ele_1','277',0,NULL,0,0,1,'2026-05-15 11:33:07','2026-05-15 11:33:07'),(199,'6620','ele_1','278',0,NULL,0,0,1,'2026-05-15 11:33:07','2026-05-15 11:33:07'),(200,'1900','ele_1','279',0,NULL,0,0,1,'2026-05-15 11:33:07','2026-05-15 11:33:07'),(201,'2799','ele_1','28',0,NULL,0,0,1,'2026-05-15 11:33:07','2026-05-15 11:33:07'),(202,'8556','ele_1','280',0,NULL,0,0,1,'2026-05-15 11:33:07','2026-05-15 11:33:07'),(203,'2786','ele_1','281',0,NULL,0,0,1,'2026-05-15 11:33:07','2026-05-15 11:33:07'),(204,'0946','ele_1','282',0,NULL,0,0,1,'2026-05-15 11:33:07','2026-05-15 11:33:07'),(205,'8950','ele_1','283',0,NULL,0,0,1,'2026-05-15 11:33:07','2026-05-15 11:33:07'),(206,'6466','ele_1','284',0,NULL,0,0,1,'2026-05-15 11:33:07','2026-05-15 11:33:07'),(207,'4726','ele_1','285',0,NULL,0,0,1,'2026-05-15 11:33:07','2026-05-15 11:33:07'),(208,'6230','ele_1','286',0,NULL,0,0,1,'2026-05-15 11:33:07','2026-05-15 11:33:07'),(209,'0853','ele_1','287',0,NULL,0,0,1,'2026-05-15 11:33:07','2026-05-15 11:33:07'),(210,'4184','ele_1','288',0,NULL,0,0,1,'2026-05-15 11:33:07','2026-05-15 11:33:07'),(211,'1288','ele_1','289',0,NULL,0,0,1,'2026-05-15 11:33:07','2026-05-15 11:33:07'),(212,'4576','ele_1','29',0,NULL,0,0,1,'2026-05-15 11:33:07','2026-05-15 11:33:07'),(213,'3077','ele_1','290',0,NULL,0,0,1,'2026-05-15 11:33:07','2026-05-15 11:33:07'),(214,'4114','ele_1','291',0,NULL,0,0,1,'2026-05-15 11:33:07','2026-05-15 11:33:07'),(215,'9807','ele_1','292',0,NULL,0,0,0,'2026-05-15 11:33:07','2026-05-15 11:33:07'),(216,'0057','ele_1','293',0,NULL,0,0,1,'2026-05-15 11:33:07','2026-05-15 11:33:07'),(217,'8719','ele_1','294',0,NULL,0,0,1,'2026-05-15 11:33:07','2026-05-15 11:33:07'),(218,'0261','ele_1','295',0,NULL,0,0,1,'2026-05-15 11:33:07','2026-05-15 11:33:07'),(219,'1997','ele_1','296',0,NULL,0,0,1,'2026-05-15 11:33:07','2026-05-15 11:33:07'),(220,'5325','ele_1','297',0,NULL,0,0,1,'2026-05-15 11:33:07','2026-05-15 11:33:07'),(221,'1103','ele_1','298',0,NULL,0,0,1,'2026-05-15 11:33:07','2026-05-15 11:33:07'),(222,'6555','ele_1','299',0,NULL,0,0,1,'2026-05-15 11:33:07','2026-05-15 11:33:07'),(223,'6482','ele_1','3',0,NULL,0,0,1,'2026-05-15 11:33:07','2026-05-15 11:33:07'),(224,'0844','ele_1','30',0,NULL,0,0,1,'2026-05-15 11:33:07','2026-05-15 11:33:07'),(225,'1782','ele_1','300',0,NULL,0,0,1,'2026-05-15 11:33:07','2026-05-15 11:33:07'),(226,'7358','ele_1','301',0,NULL,0,0,1,'2026-05-15 11:33:07','2026-05-15 11:33:07'),(227,'2290','ele_1','302',0,NULL,0,0,1,'2026-05-15 11:33:07','2026-05-15 11:33:07'),(228,'0377','ele_1','303',0,NULL,0,0,1,'2026-05-15 11:33:07','2026-05-15 11:33:07'),(229,'9389','ele_1','304',0,NULL,0,0,0,'2026-05-15 11:33:07','2026-05-15 11:33:07'),(230,'1966','ele_1','305',0,NULL,0,0,0,'2026-05-15 11:33:07','2026-05-15 11:33:07'),(231,'6848','ele_1','306',0,NULL,0,0,1,'2026-05-15 11:33:07','2026-05-15 11:33:07'),(232,'7689','ele_1','307',0,NULL,0,0,1,'2026-05-15 11:33:07','2026-05-15 11:33:07'),(233,'9714','ele_1','308',0,NULL,0,0,1,'2026-05-15 11:33:07','2026-05-15 11:33:07'),(234,'9115','ele_1','309',0,NULL,0,0,1,'2026-05-15 11:33:07','2026-05-15 11:33:07'),(235,'4725','ele_1','31',0,NULL,0,0,1,'2026-05-15 11:33:07','2026-05-15 11:33:07'),(236,'5764','ele_1','310',0,NULL,0,0,1,'2026-05-15 11:33:07','2026-05-15 11:33:07'),(237,'7643','ele_1','311',0,NULL,0,0,1,'2026-05-15 11:33:07','2026-05-15 11:33:07'),(238,'8592','ele_1','312',0,NULL,0,0,1,'2026-05-15 11:33:07','2026-05-15 11:33:07'),(239,'9527','ele_1','313',0,NULL,0,0,1,'2026-05-15 11:33:07','2026-05-15 11:33:07'),(240,'9848','ele_1','314',0,NULL,0,0,1,'2026-05-15 11:33:07','2026-05-15 11:33:07'),(241,'8060','ele_1','315',0,NULL,0,0,1,'2026-05-15 11:33:07','2026-05-15 11:33:07'),(242,'7440','ele_1','316',0,NULL,0,0,1,'2026-05-15 11:33:07','2026-05-15 11:33:07'),(243,'8360','ele_1','317',0,NULL,0,0,1,'2026-05-15 11:33:07','2026-05-15 11:33:07'),(244,'6007','ele_1','318',0,NULL,0,0,1,'2026-05-15 11:33:07','2026-05-15 11:33:07'),(245,'4924','ele_1','319',0,NULL,0,0,1,'2026-05-15 11:33:07','2026-05-15 11:33:07'),(246,'8726','ele_1','32',0,NULL,0,0,1,'2026-05-15 11:33:07','2026-05-15 11:33:07'),(247,'9493','ele_1','33',0,NULL,0,0,0,'2026-05-15 11:33:07','2026-05-15 11:33:07'),(248,'6015','ele_1','34',0,NULL,0,0,0,'2026-05-15 11:33:07','2026-05-15 11:33:07'),(249,'3745','ele_1','35',0,NULL,0,0,1,'2026-05-15 11:33:07','2026-05-15 11:33:07'),(250,'5388','ele_1','36',0,NULL,0,0,1,'2026-05-15 11:33:07','2026-05-15 11:33:07'),(251,'6095','ele_1','37',0,NULL,0,0,1,'2026-05-15 11:33:07','2026-05-15 11:33:07'),(252,'1140','ele_1','38',0,NULL,0,0,1,'2026-05-15 11:33:07','2026-05-15 11:33:07'),(253,'3669','ele_1','39',0,NULL,0,0,1,'2026-05-15 11:33:07','2026-05-15 11:33:07'),(254,'6372','ele_1','4',0,NULL,0,0,1,'2026-05-15 11:33:07','2026-05-15 11:33:07'),(255,'7268','ele_1','40',0,NULL,0,0,0,'2026-05-15 11:33:07','2026-05-15 11:33:07'),(256,'2833','ele_1','41',0,NULL,0,0,1,'2026-05-15 11:33:07','2026-05-15 11:33:07'),(257,'7515','ele_1','42',0,NULL,0,0,1,'2026-05-15 11:33:07','2026-05-15 11:33:07'),(258,'2534','ele_1','43',0,NULL,0,0,0,'2026-05-15 11:33:07','2026-05-15 11:33:07'),(259,'7202','ele_1','44',0,NULL,0,0,1,'2026-05-15 11:33:07','2026-05-15 11:33:07'),(260,'6679','ele_1','45',0,NULL,0,0,1,'2026-05-15 11:33:07','2026-05-15 11:33:07'),(261,'4256','ele_1','46',0,NULL,0,0,1,'2026-05-15 11:33:07','2026-05-15 11:33:07'),(262,'2855','ele_1','47',0,NULL,0,0,0,'2026-05-15 11:33:07','2026-05-15 11:33:07'),(263,'9268','ele_1','48',0,NULL,0,0,1,'2026-05-15 11:33:07','2026-05-15 11:33:07'),(264,'5323','ele_1','49',0,NULL,0,0,1,'2026-05-15 11:33:07','2026-05-15 11:33:07'),(265,'7312','ele_1','5',0,NULL,0,0,1,'2026-05-15 11:33:07','2026-05-15 11:33:07'),(266,'2122','ele_1','50',0,NULL,0,0,1,'2026-05-15 11:33:07','2026-05-15 11:33:07'),(267,'8815','ele_1','51',0,NULL,0,0,1,'2026-05-15 11:33:07','2026-05-15 11:33:07'),(268,'6754','ele_1','52',0,NULL,0,0,1,'2026-05-15 11:33:07','2026-05-15 11:33:07'),(269,'5710','ele_1','53',0,NULL,0,0,1,'2026-05-15 11:33:07','2026-05-15 11:33:07'),(270,'5414','ele_1','54',0,NULL,0,0,1,'2026-05-15 11:33:07','2026-05-15 11:33:07'),(271,'5113','ele_1','55',0,NULL,0,0,1,'2026-05-15 11:33:07','2026-05-15 11:33:07'),(272,'4135','ele_1','56',0,NULL,0,0,1,'2026-05-15 11:33:07','2026-05-15 11:33:07'),(273,'4507','ele_1','57',0,NULL,0,0,0,'2026-05-15 11:33:07','2026-05-15 11:33:07'),(274,'8931','ele_1','58',0,NULL,0,0,1,'2026-05-15 11:33:07','2026-05-15 11:33:07'),(275,'0458','ele_1','59',0,NULL,0,0,1,'2026-05-15 11:33:07','2026-05-15 11:33:07'),(276,'3162','ele_1','6',0,NULL,0,0,1,'2026-05-15 11:33:07','2026-05-15 11:33:07'),(277,'0711','ele_1','60',0,NULL,0,0,1,'2026-05-15 11:33:07','2026-05-15 11:33:07'),(278,'8824','ele_1','61',0,NULL,0,0,1,'2026-05-15 11:33:07','2026-05-15 11:33:07'),(279,'7981','ele_1','62',0,NULL,0,0,1,'2026-05-15 11:33:07','2026-05-15 11:33:07'),(280,'7118','ele_1','63',0,NULL,0,0,1,'2026-05-15 11:33:07','2026-05-15 11:33:07'),(281,'8871','ele_1','64',0,NULL,0,0,1,'2026-05-15 11:33:07','2026-05-15 11:33:07'),(282,'3721','ele_1','65',0,NULL,0,0,1,'2026-05-15 11:33:07','2026-05-15 11:33:07'),(283,'7627','ele_1','66',0,NULL,0,0,1,'2026-05-15 11:33:07','2026-05-15 11:33:07'),(284,'2607','ele_1','67',0,NULL,0,0,1,'2026-05-15 11:33:07','2026-05-15 11:33:07'),(285,'5008','ele_1','68',0,NULL,0,0,1,'2026-05-15 11:33:07','2026-05-15 11:33:07'),(286,'1006','ele_1','69',0,NULL,0,0,0,'2026-05-15 11:33:07','2026-05-15 11:33:07'),(287,'3491','ele_1','7',0,NULL,0,0,1,'2026-05-15 11:33:07','2026-05-15 11:33:07'),(288,'2077','ele_1','70',0,NULL,0,0,1,'2026-05-15 11:33:07','2026-05-15 11:33:07'),(289,'4399','ele_1','71',0,NULL,0,0,1,'2026-05-15 11:33:07','2026-05-15 11:33:07'),(290,'4160','ele_1','72',0,NULL,0,0,0,'2026-05-15 11:33:07','2026-05-15 11:33:07'),(291,'7855','ele_1','73',0,NULL,0,0,1,'2026-05-15 11:33:07','2026-05-15 11:33:07'),(292,'0191','ele_1','74',0,NULL,0,0,1,'2026-05-15 11:33:07','2026-05-15 11:33:07'),(293,'4479','ele_1','75',0,NULL,0,0,1,'2026-05-15 11:33:07','2026-05-15 11:33:07'),(294,'2139','ele_1','76',0,NULL,0,0,1,'2026-05-15 11:33:07','2026-05-15 11:33:07'),(295,'2477','ele_1','77',0,NULL,0,0,1,'2026-05-15 11:33:07','2026-05-15 11:33:07'),(296,'1839','ele_1','78',0,NULL,0,0,1,'2026-05-15 11:33:07','2026-05-15 11:33:07'),(297,'2141','ele_1','79',0,NULL,0,0,1,'2026-05-15 11:33:07','2026-05-15 11:33:07'),(298,'5519','ele_1','8',0,NULL,0,0,1,'2026-05-15 11:33:07','2026-05-15 11:33:07'),(299,'5022','ele_1','80',0,NULL,0,0,1,'2026-05-15 11:33:07','2026-05-15 11:33:07'),(300,'1933','ele_1','81',0,NULL,0,0,1,'2026-05-15 11:33:07','2026-05-15 11:33:07'),(301,'1589','ele_1','82',0,NULL,0,0,1,'2026-05-15 11:33:07','2026-05-15 11:33:07'),(302,'9536','ele_1','83',0,NULL,0,0,1,'2026-05-15 11:33:07','2026-05-15 11:33:07'),(303,'5050','ele_1','84',0,NULL,0,0,1,'2026-05-15 11:33:07','2026-05-15 11:33:07'),(304,'0418','ele_1','85',0,NULL,0,0,1,'2026-05-15 11:33:07','2026-05-15 11:33:07'),(305,'7717','ele_1','86',0,NULL,0,0,1,'2026-05-15 11:33:07','2026-05-15 11:33:07'),(306,'3159','ele_1','87',0,NULL,0,0,1,'2026-05-15 11:33:07','2026-05-15 11:33:07'),(307,'3649','ele_1','88',0,NULL,0,0,1,'2026-05-15 11:33:07','2026-05-15 11:33:07'),(308,'8209','ele_1','89',0,NULL,0,0,1,'2026-05-15 11:33:07','2026-05-15 11:33:07'),(309,'5456','ele_1','9',0,NULL,0,0,1,'2026-05-15 11:33:07','2026-05-15 11:33:07'),(310,'4776','ele_1','90',0,NULL,0,0,1,'2026-05-15 11:33:07','2026-05-15 11:33:07'),(311,'4436','ele_1','91',0,NULL,0,0,1,'2026-05-15 11:33:07','2026-05-15 11:33:07'),(312,'2729','ele_1','92',0,NULL,0,0,1,'2026-05-15 11:33:07','2026-05-15 11:33:07'),(313,'5811','ele_1','93',0,NULL,0,0,0,'2026-05-15 11:33:07','2026-05-15 11:33:07'),(314,'7575','ele_1','94',0,NULL,0,0,1,'2026-05-15 11:33:07','2026-05-15 11:33:07'),(315,'0156','ele_1','95',0,NULL,0,0,0,'2026-05-15 11:33:07','2026-05-15 11:33:07'),(316,'9266','ele_1','96',0,NULL,0,0,1,'2026-05-15 11:33:07','2026-05-15 11:33:07'),(317,'5359','ele_1','97',0,NULL,0,0,0,'2026-05-15 11:33:07','2026-05-15 11:33:07'),(318,'8611','ele_1','98',0,NULL,0,0,1,'2026-05-15 11:33:07','2026-05-15 11:33:07'),(319,'2008','ele_1','99',0,NULL,0,0,1,'2026-05-15 11:33:07','2026-05-15 11:33:07');
/*!40000 ALTER TABLE `users` ENABLE KEYS */;
UNLOCK TABLES;

--
-- Temporary view structure for view `v1`
--

DROP TABLE IF EXISTS `v1`;
/*!50001 DROP VIEW IF EXISTS `v1`*/;
SET @saved_cs_client     = @@character_set_client;
/*!50503 SET character_set_client = utf8mb4 */;
/*!50001 CREATE VIEW `v1` AS SELECT 
 1 AS `profile_code`,
 1 AS `full_name`,
 1 AS `sex`,
 1 AS `mobile`,
 1 AS `voter_group_code`*/;
SET character_set_client = @saved_cs_client;

--
-- Temporary view structure for view `v2`
--

DROP TABLE IF EXISTS `v2`;
/*!50001 DROP VIEW IF EXISTS `v2`*/;
SET @saved_cs_client     = @@character_set_client;
/*!50503 SET character_set_client = utf8mb4 */;
/*!50001 CREATE VIEW `v2` AS SELECT 
 1 AS `profile_code`,
 1 AS `full_name`,
 1 AS `sex`,
 1 AS `mobile`,
 1 AS `voter_group_name`,
 1 AS `voter_group_code`*/;
SET character_set_client = @saved_cs_client;

--
-- Table structure for table `vote_detail`
--

DROP TABLE IF EXISTS `vote_detail`;
/*!40101 SET @saved_cs_client     = @@character_set_client */;
/*!50503 SET character_set_client = utf8mb4 */;
CREATE TABLE `vote_detail` (
  `idvote_detail` int NOT NULL AUTO_INCREMENT,
  `election_list_code` varchar(45) CHARACTER SET utf8mb3 COLLATE utf8mb3_unicode_ci DEFAULT NULL,
  `round_number` int DEFAULT NULL,
  `candidate` varchar(255) CHARACTER SET utf8mb3 COLLATE utf8mb3_unicode_ci DEFAULT NULL,
  PRIMARY KEY (`idvote_detail`)
) ENGINE=InnoDB AUTO_INCREMENT=19 DEFAULT CHARSET=utf8mb3 COLLATE=utf8mb3_unicode_ci;
/*!40101 SET character_set_client = @saved_cs_client */;

--
-- Dumping data for table `vote_detail`
--

LOCK TABLES `vote_detail` WRITE;
/*!40000 ALTER TABLE `vote_detail` DISABLE KEYS */;
INSERT INTO `vote_detail` VALUES (1,'1',1,'129'),(2,'1',1,'130'),(3,'2',1,'101'),(4,'2',1,'167'),(5,'1',1,'134'),(6,'1',1,'135'),(7,'2',1,'45'),(8,'2',1,'173'),(9,'1',1,'129'),(10,'1',1,'130'),(11,'2',1,'101'),(12,'2',1,'167'),(13,'1',1,'129'),(14,'1',1,'142'),(15,'1',2,'134'),(16,'1',2,'135'),(17,'2',2,'173'),(18,'2',2,'45');
/*!40000 ALTER TABLE `vote_detail` ENABLE KEYS */;
UNLOCK TABLES;

--
-- Table structure for table `vote_master`
--

DROP TABLE IF EXISTS `vote_master`;
/*!40101 SET @saved_cs_client     = @@character_set_client */;
/*!50503 SET character_set_client = utf8mb4 */;
CREATE TABLE `vote_master` (
  `idvote_master` int NOT NULL AUTO_INCREMENT,
  `vote_code` varchar(300) CHARACTER SET utf8mb3 COLLATE utf8mb3_unicode_ci DEFAULT NULL,
  `election_code` varchar(45) CHARACTER SET utf8mb3 COLLATE utf8mb3_unicode_ci DEFAULT NULL,
  `round_number` int DEFAULT NULL,
  `user_code` varchar(300) CHARACTER SET utf8mb3 COLLATE utf8mb3_unicode_ci DEFAULT NULL,
  `vote_date` datetime DEFAULT CURRENT_TIMESTAMP,
  `created_at` timestamp NULL DEFAULT CURRENT_TIMESTAMP,
  `updated_at` timestamp NULL DEFAULT CURRENT_TIMESTAMP ON UPDATE CURRENT_TIMESTAMP,
  PRIMARY KEY (`idvote_master`)
) ENGINE=InnoDB AUTO_INCREMENT=6 DEFAULT CHARSET=utf8mb3 COLLATE=utf8mb3_unicode_ci;
/*!40101 SET character_set_client = @saved_cs_client */;

--
-- Dumping data for table `vote_master`
--

LOCK TABLES `vote_master` WRITE;
/*!40000 ALTER TABLE `vote_master` DISABLE KEYS */;
INSERT INTO `vote_master` VALUES (1,'1','ele_1',1,'4800','2026-05-15 14:33:56','2026-05-15 11:33:56','2026-05-15 11:33:56'),(2,'2','ele_1',1,'5966','2026-05-15 14:34:31','2026-05-15 11:34:31','2026-05-15 11:34:31'),(3,'3','ele_1',1,'2345','2026-05-15 14:35:15','2026-05-15 11:35:15','2026-05-15 11:35:15'),(4,'4','ele_1',1,'5381','2026-05-15 14:37:46','2026-05-15 11:37:46','2026-05-15 11:37:46'),(5,'5','ele_1',2,'5381','2026-05-15 14:42:03','2026-05-15 11:42:03','2026-05-15 11:42:03');
/*!40000 ALTER TABLE `vote_master` ENABLE KEYS */;
UNLOCK TABLES;

--
-- Table structure for table `vote_status`
--

DROP TABLE IF EXISTS `vote_status`;
/*!40101 SET @saved_cs_client     = @@character_set_client */;
/*!50503 SET character_set_client = utf8mb4 */;
CREATE TABLE `vote_status` (
  `idvote_status` int NOT NULL AUTO_INCREMENT,
  `user_code` varchar(300) CHARACTER SET utf8mb3 COLLATE utf8mb3_unicode_ci DEFAULT NULL,
  `election_code` varchar(45) CHARACTER SET utf8mb3 COLLATE utf8mb3_unicode_ci DEFAULT NULL,
  `vote_date` datetime DEFAULT NULL,
  `status` tinyint DEFAULT NULL,
  `created_at` timestamp NULL DEFAULT CURRENT_TIMESTAMP,
  `updated_at` timestamp NULL DEFAULT CURRENT_TIMESTAMP ON UPDATE CURRENT_TIMESTAMP,
  PRIMARY KEY (`idvote_status`)
) ENGINE=InnoDB DEFAULT CHARSET=utf8mb3 COLLATE=utf8mb3_unicode_ci;
/*!40101 SET character_set_client = @saved_cs_client */;

--
-- Dumping data for table `vote_status`
--

LOCK TABLES `vote_status` WRITE;
/*!40000 ALTER TABLE `vote_status` DISABLE KEYS */;
/*!40000 ALTER TABLE `vote_status` ENABLE KEYS */;
UNLOCK TABLES;

--
-- Table structure for table `voters`
--

DROP TABLE IF EXISTS `voters`;
/*!40101 SET @saved_cs_client     = @@character_set_client */;
/*!50503 SET character_set_client = utf8mb4 */;
CREATE TABLE `voters` (
  `idvoters` int NOT NULL AUTO_INCREMENT,
  `profile_code` varchar(45) CHARACTER SET utf8mb3 COLLATE utf8mb3_unicode_ci DEFAULT NULL,
  `election_code` varchar(45) CHARACTER SET utf8mb3 COLLATE utf8mb3_unicode_ci DEFAULT NULL,
  `voter_status` tinyint DEFAULT NULL,
  `voter_group_code` varchar(45) CHARACTER SET utf8mb3 COLLATE utf8mb3_unicode_ci DEFAULT NULL,
  `created_at` timestamp NULL DEFAULT CURRENT_TIMESTAMP,
  `updated_at` timestamp NULL DEFAULT CURRENT_TIMESTAMP ON UPDATE CURRENT_TIMESTAMP,
  PRIMARY KEY (`idvoters`)
) ENGINE=InnoDB AUTO_INCREMENT=286 DEFAULT CHARSET=utf8mb3 COLLATE=utf8mb3_unicode_ci;
/*!40101 SET character_set_client = @saved_cs_client */;

--
-- Dumping data for table `voters`
--

LOCK TABLES `voters` WRITE;
/*!40000 ALTER TABLE `voters` DISABLE KEYS */;
INSERT INTO `voters` VALUES (1,'1','ele_1',1,'1','2026-05-15 11:32:53','2026-05-15 11:32:53'),(2,'2','ele_1',1,'1','2026-05-15 11:32:53','2026-05-15 11:32:53'),(3,'3','ele_1',1,'1','2026-05-15 11:32:53','2026-05-15 11:32:53'),(4,'4','ele_1',1,'1','2026-05-15 11:32:53','2026-05-15 11:32:53'),(5,'5','ele_1',1,'1','2026-05-15 11:32:53','2026-05-15 11:32:53'),(6,'6','ele_1',1,'1','2026-05-15 11:32:53','2026-05-15 11:32:53'),(7,'7','ele_1',1,'1','2026-05-15 11:32:53','2026-05-15 11:32:53'),(8,'8','ele_1',1,'1','2026-05-15 11:32:53','2026-05-15 11:32:53'),(9,'9','ele_1',1,'1','2026-05-15 11:32:53','2026-05-15 11:32:53'),(10,'10','ele_1',1,'1','2026-05-15 11:32:53','2026-05-15 11:32:53'),(11,'11','ele_1',1,'1','2026-05-15 11:32:53','2026-05-15 11:32:53'),(12,'12','ele_1',1,'1','2026-05-15 11:32:53','2026-05-15 11:32:53'),(13,'13','ele_1',1,'1','2026-05-15 11:32:53','2026-05-15 11:32:53'),(14,'15','ele_1',1,'1','2026-05-15 11:32:53','2026-05-15 11:32:53'),(15,'16','ele_1',1,'1','2026-05-15 11:32:53','2026-05-15 11:32:53'),(16,'18','ele_1',1,'1','2026-05-15 11:32:53','2026-05-15 11:32:53'),(17,'20','ele_1',1,'1','2026-05-15 11:32:53','2026-05-15 11:32:53'),(18,'21','ele_1',1,'1','2026-05-15 11:32:53','2026-05-15 11:32:53'),(19,'22','ele_1',1,'1','2026-05-15 11:32:53','2026-05-15 11:32:53'),(20,'23','ele_1',1,'1','2026-05-15 11:32:53','2026-05-15 11:32:53'),(21,'24','ele_1',1,'1','2026-05-15 11:32:53','2026-05-15 11:32:53'),(22,'25','ele_1',1,'1','2026-05-15 11:32:53','2026-05-15 11:32:53'),(23,'26','ele_1',1,'1','2026-05-15 11:32:53','2026-05-15 11:32:53'),(24,'27','ele_1',1,'1','2026-05-15 11:32:53','2026-05-15 11:32:53'),(25,'28','ele_1',1,'1','2026-05-15 11:32:53','2026-05-15 11:32:53'),(26,'29','ele_1',1,'1','2026-05-15 11:32:53','2026-05-15 11:32:53'),(27,'30','ele_1',1,'1','2026-05-15 11:32:53','2026-05-15 11:32:53'),(28,'31','ele_1',1,'1','2026-05-15 11:32:53','2026-05-15 11:32:53'),(29,'32','ele_1',1,'1','2026-05-15 11:32:53','2026-05-15 11:32:53'),(30,'35','ele_1',1,'1','2026-05-15 11:32:53','2026-05-15 11:32:53'),(31,'36','ele_1',1,'1','2026-05-15 11:32:53','2026-05-15 11:32:53'),(32,'37','ele_1',1,'1','2026-05-15 11:32:53','2026-05-15 11:32:53'),(33,'38','ele_1',1,'1','2026-05-15 11:32:53','2026-05-15 11:32:53'),(34,'39','ele_1',1,'1','2026-05-15 11:32:53','2026-05-15 11:32:53'),(35,'41','ele_1',1,'1','2026-05-15 11:32:53','2026-05-15 11:32:53'),(36,'42','ele_1',1,'1','2026-05-15 11:32:53','2026-05-15 11:32:53'),(37,'44','ele_1',1,'1','2026-05-15 11:32:53','2026-05-15 11:32:53'),(38,'45','ele_1',1,'1','2026-05-15 11:32:53','2026-05-15 11:32:53'),(39,'46','ele_1',1,'1','2026-05-15 11:32:53','2026-05-15 11:32:53'),(40,'48','ele_1',1,'1','2026-05-15 11:32:53','2026-05-15 11:32:53'),(41,'49','ele_1',1,'1','2026-05-15 11:32:53','2026-05-15 11:32:53'),(42,'50','ele_1',1,'1','2026-05-15 11:32:53','2026-05-15 11:32:53'),(43,'51','ele_1',1,'1','2026-05-15 11:32:53','2026-05-15 11:32:53'),(44,'52','ele_1',1,'1','2026-05-15 11:32:53','2026-05-15 11:32:53'),(45,'53','ele_1',1,'1','2026-05-15 11:32:53','2026-05-15 11:32:53'),(46,'54','ele_1',1,'1','2026-05-15 11:32:53','2026-05-15 11:32:53'),(47,'55','ele_1',1,'1','2026-05-15 11:32:53','2026-05-15 11:32:53'),(48,'56','ele_1',1,'1','2026-05-15 11:32:53','2026-05-15 11:32:53'),(49,'58','ele_1',1,'1','2026-05-15 11:32:53','2026-05-15 11:32:53'),(50,'59','ele_1',1,'1','2026-05-15 11:32:53','2026-05-15 11:32:53'),(51,'60','ele_1',1,'1','2026-05-15 11:32:53','2026-05-15 11:32:53'),(52,'61','ele_1',1,'1','2026-05-15 11:32:53','2026-05-15 11:32:53'),(53,'62','ele_1',1,'1','2026-05-15 11:32:53','2026-05-15 11:32:53'),(54,'63','ele_1',1,'1','2026-05-15 11:32:53','2026-05-15 11:32:53'),(55,'64','ele_1',1,'1','2026-05-15 11:32:53','2026-05-15 11:32:53'),(56,'65','ele_1',1,'1','2026-05-15 11:32:53','2026-05-15 11:32:53'),(57,'66','ele_1',1,'1','2026-05-15 11:32:53','2026-05-15 11:32:53'),(58,'67','ele_1',1,'1','2026-05-15 11:32:53','2026-05-15 11:32:53'),(59,'68','ele_1',1,'1','2026-05-15 11:32:53','2026-05-15 11:32:53'),(60,'70','ele_1',1,'1','2026-05-15 11:32:53','2026-05-15 11:32:53'),(61,'71','ele_1',1,'1','2026-05-15 11:32:53','2026-05-15 11:32:53'),(62,'73','ele_1',1,'1','2026-05-15 11:32:53','2026-05-15 11:32:53'),(63,'74','ele_1',1,'1','2026-05-15 11:32:53','2026-05-15 11:32:53'),(64,'75','ele_1',1,'1','2026-05-15 11:32:53','2026-05-15 11:32:53'),(65,'76','ele_1',1,'1','2026-05-15 11:32:53','2026-05-15 11:32:53'),(66,'77','ele_1',1,'1','2026-05-15 11:32:53','2026-05-15 11:32:53'),(67,'78','ele_1',1,'1','2026-05-15 11:32:53','2026-05-15 11:32:53'),(68,'79','ele_1',1,'1','2026-05-15 11:32:53','2026-05-15 11:32:53'),(69,'80','ele_1',1,'1','2026-05-15 11:32:53','2026-05-15 11:32:53'),(70,'81','ele_1',1,'1','2026-05-15 11:32:53','2026-05-15 11:32:53'),(71,'82','ele_1',1,'1','2026-05-15 11:32:53','2026-05-15 11:32:53'),(72,'83','ele_1',1,'1','2026-05-15 11:32:53','2026-05-15 11:32:53'),(73,'84','ele_1',1,'1','2026-05-15 11:32:53','2026-05-15 11:32:53'),(74,'85','ele_1',1,'1','2026-05-15 11:32:53','2026-05-15 11:32:53'),(75,'86','ele_1',1,'1','2026-05-15 11:32:53','2026-05-15 11:32:53'),(76,'87','ele_1',1,'1','2026-05-15 11:32:53','2026-05-15 11:32:53'),(77,'88','ele_1',1,'1','2026-05-15 11:32:53','2026-05-15 11:32:53'),(78,'89','ele_1',1,'1','2026-05-15 11:32:53','2026-05-15 11:32:53'),(79,'90','ele_1',1,'1','2026-05-15 11:32:53','2026-05-15 11:32:53'),(80,'91','ele_1',1,'1','2026-05-15 11:32:53','2026-05-15 11:32:53'),(81,'92','ele_1',1,'1','2026-05-15 11:32:53','2026-05-15 11:32:53'),(82,'94','ele_1',1,'1','2026-05-15 11:32:53','2026-05-15 11:32:53'),(83,'96','ele_1',1,'1','2026-05-15 11:32:53','2026-05-15 11:32:53'),(84,'98','ele_1',1,'1','2026-05-15 11:32:53','2026-05-15 11:32:53'),(85,'99','ele_1',1,'1','2026-05-15 11:32:53','2026-05-15 11:32:53'),(86,'100','ele_1',1,'1','2026-05-15 11:32:53','2026-05-15 11:32:53'),(87,'101','ele_1',1,'1','2026-05-15 11:32:53','2026-05-15 11:32:53'),(88,'102','ele_1',1,'1','2026-05-15 11:32:53','2026-05-15 11:32:53'),(89,'103','ele_1',1,'1','2026-05-15 11:32:53','2026-05-15 11:32:53'),(90,'104','ele_1',1,'1','2026-05-15 11:32:53','2026-05-15 11:32:53'),(91,'106','ele_1',1,'1','2026-05-15 11:32:53','2026-05-15 11:32:53'),(92,'107','ele_1',1,'1','2026-05-15 11:32:53','2026-05-15 11:32:53'),(93,'108','ele_1',1,'1','2026-05-15 11:32:53','2026-05-15 11:32:53'),(94,'109','ele_1',1,'1','2026-05-15 11:32:53','2026-05-15 11:32:53'),(95,'110','ele_1',1,'1','2026-05-15 11:32:53','2026-05-15 11:32:53'),(96,'111','ele_1',1,'1','2026-05-15 11:32:53','2026-05-15 11:32:53'),(97,'112','ele_1',1,'1','2026-05-15 11:32:53','2026-05-15 11:32:53'),(98,'113','ele_1',1,'1','2026-05-15 11:32:53','2026-05-15 11:32:53'),(99,'114','ele_1',1,'1','2026-05-15 11:32:53','2026-05-15 11:32:53'),(100,'115','ele_1',1,'1','2026-05-15 11:32:53','2026-05-15 11:32:53'),(101,'116','ele_1',1,'1','2026-05-15 11:32:53','2026-05-15 11:32:53'),(102,'117','ele_1',1,'1','2026-05-15 11:32:53','2026-05-15 11:32:53'),(103,'118','ele_1',1,'1','2026-05-15 11:32:53','2026-05-15 11:32:53'),(104,'119','ele_1',1,'1','2026-05-15 11:32:53','2026-05-15 11:32:53'),(105,'120','ele_1',1,'1','2026-05-15 11:32:53','2026-05-15 11:32:53'),(106,'121','ele_1',1,'1','2026-05-15 11:32:53','2026-05-15 11:32:53'),(107,'122','ele_1',1,'1','2026-05-15 11:32:53','2026-05-15 11:32:53'),(108,'123','ele_1',1,'1','2026-05-15 11:32:53','2026-05-15 11:32:53'),(109,'124','ele_1',1,'1','2026-05-15 11:32:53','2026-05-15 11:32:53'),(110,'125','ele_1',1,'1','2026-05-15 11:32:53','2026-05-15 11:32:53'),(111,'126','ele_1',1,'1','2026-05-15 11:32:53','2026-05-15 11:32:53'),(112,'127','ele_1',1,'1','2026-05-15 11:32:53','2026-05-15 11:32:53'),(113,'128','ele_1',1,'1','2026-05-15 11:32:53','2026-05-15 11:32:53'),(114,'129','ele_1',1,'1','2026-05-15 11:32:53','2026-05-15 11:32:53'),(115,'130','ele_1',1,'1','2026-05-15 11:32:53','2026-05-15 11:32:53'),(116,'131','ele_1',1,'1','2026-05-15 11:32:53','2026-05-15 11:32:53'),(117,'132','ele_1',1,'1','2026-05-15 11:32:53','2026-05-15 11:32:53'),(118,'133','ele_1',1,'1','2026-05-15 11:32:53','2026-05-15 11:32:53'),(119,'134','ele_1',1,'1','2026-05-15 11:32:53','2026-05-15 11:32:53'),(120,'135','ele_1',1,'1','2026-05-15 11:32:53','2026-05-15 11:32:53'),(121,'136','ele_1',1,'1','2026-05-15 11:32:53','2026-05-15 11:32:53'),(122,'137','ele_1',1,'1','2026-05-15 11:32:53','2026-05-15 11:32:53'),(123,'138','ele_1',1,'1','2026-05-15 11:32:53','2026-05-15 11:32:53'),(124,'139','ele_1',1,'1','2026-05-15 11:32:53','2026-05-15 11:32:53'),(125,'140','ele_1',1,'1','2026-05-15 11:32:53','2026-05-15 11:32:53'),(126,'141','ele_1',1,'1','2026-05-15 11:32:53','2026-05-15 11:32:53'),(127,'142','ele_1',1,'1','2026-05-15 11:32:53','2026-05-15 11:32:53'),(128,'143','ele_1',1,'1','2026-05-15 11:32:53','2026-05-15 11:32:53'),(129,'144','ele_1',1,'1','2026-05-15 11:32:53','2026-05-15 11:32:53'),(130,'145','ele_1',1,'1','2026-05-15 11:32:53','2026-05-15 11:32:53'),(131,'147','ele_1',1,'1','2026-05-15 11:32:53','2026-05-15 11:32:53'),(132,'148','ele_1',1,'1','2026-05-15 11:32:53','2026-05-15 11:32:53'),(133,'149','ele_1',1,'1','2026-05-15 11:32:53','2026-05-15 11:32:53'),(134,'150','ele_1',1,'1','2026-05-15 11:32:53','2026-05-15 11:32:53'),(135,'151','ele_1',1,'1','2026-05-15 11:32:53','2026-05-15 11:32:53'),(136,'152','ele_1',1,'1','2026-05-15 11:32:53','2026-05-15 11:32:53'),(137,'153','ele_1',1,'1','2026-05-15 11:32:53','2026-05-15 11:32:53'),(138,'154','ele_1',1,'1','2026-05-15 11:32:53','2026-05-15 11:32:53'),(139,'155','ele_1',1,'1','2026-05-15 11:32:53','2026-05-15 11:32:53'),(140,'156','ele_1',1,'1','2026-05-15 11:32:53','2026-05-15 11:32:53'),(141,'157','ele_1',1,'1','2026-05-15 11:32:53','2026-05-15 11:32:53'),(142,'158','ele_1',1,'1','2026-05-15 11:32:53','2026-05-15 11:32:53'),(143,'159','ele_1',1,'1','2026-05-15 11:32:53','2026-05-15 11:32:53'),(144,'160','ele_1',1,'1','2026-05-15 11:32:53','2026-05-15 11:32:53'),(145,'161','ele_1',1,'1','2026-05-15 11:32:53','2026-05-15 11:32:53'),(146,'162','ele_1',1,'1','2026-05-15 11:32:53','2026-05-15 11:32:53'),(147,'164','ele_1',1,'1','2026-05-15 11:32:53','2026-05-15 11:32:53'),(148,'165','ele_1',1,'1','2026-05-15 11:32:53','2026-05-15 11:32:53'),(149,'166','ele_1',1,'1','2026-05-15 11:32:53','2026-05-15 11:32:53'),(150,'167','ele_1',1,'1','2026-05-15 11:32:53','2026-05-15 11:32:53'),(151,'168','ele_1',1,'1','2026-05-15 11:32:53','2026-05-15 11:32:53'),(152,'169','ele_1',1,'1','2026-05-15 11:32:53','2026-05-15 11:32:53'),(153,'170','ele_1',1,'1','2026-05-15 11:32:53','2026-05-15 11:32:53'),(154,'172','ele_1',1,'1','2026-05-15 11:32:53','2026-05-15 11:32:53'),(155,'173','ele_1',1,'1','2026-05-15 11:32:53','2026-05-15 11:32:53'),(156,'174','ele_1',1,'1','2026-05-15 11:32:53','2026-05-15 11:32:53'),(157,'175','ele_1',1,'1','2026-05-15 11:32:53','2026-05-15 11:32:53'),(158,'176','ele_1',1,'1','2026-05-15 11:32:53','2026-05-15 11:32:53'),(159,'177','ele_1',1,'1','2026-05-15 11:32:53','2026-05-15 11:32:53'),(160,'178','ele_1',1,'1','2026-05-15 11:32:53','2026-05-15 11:32:53'),(161,'179','ele_1',1,'1','2026-05-15 11:32:53','2026-05-15 11:32:53'),(162,'180','ele_1',1,'1','2026-05-15 11:32:53','2026-05-15 11:32:53'),(163,'181','ele_1',1,'1','2026-05-15 11:32:53','2026-05-15 11:32:53'),(164,'182','ele_1',1,'1','2026-05-15 11:32:53','2026-05-15 11:32:53'),(165,'183','ele_1',1,'1','2026-05-15 11:32:53','2026-05-15 11:32:53'),(166,'184','ele_1',1,'1','2026-05-15 11:32:53','2026-05-15 11:32:53'),(167,'185','ele_1',1,'1','2026-05-15 11:32:53','2026-05-15 11:32:53'),(168,'186','ele_1',1,'1','2026-05-15 11:32:53','2026-05-15 11:32:53'),(169,'187','ele_1',1,'1','2026-05-15 11:32:53','2026-05-15 11:32:53'),(170,'188','ele_1',1,'1','2026-05-15 11:32:53','2026-05-15 11:32:53'),(171,'189','ele_1',1,'1','2026-05-15 11:32:53','2026-05-15 11:32:53'),(172,'190','ele_1',1,'1','2026-05-15 11:32:53','2026-05-15 11:32:53'),(173,'191','ele_1',1,'1','2026-05-15 11:32:53','2026-05-15 11:32:53'),(174,'192','ele_1',1,'1','2026-05-15 11:32:53','2026-05-15 11:32:53'),(175,'193','ele_1',1,'1','2026-05-15 11:32:53','2026-05-15 11:32:53'),(176,'194','ele_1',1,'1','2026-05-15 11:32:53','2026-05-15 11:32:53'),(177,'195','ele_1',1,'1','2026-05-15 11:32:53','2026-05-15 11:32:53'),(178,'196','ele_1',1,'1','2026-05-15 11:32:53','2026-05-15 11:32:53'),(179,'197','ele_1',1,'1','2026-05-15 11:32:53','2026-05-15 11:32:53'),(180,'198','ele_1',1,'1','2026-05-15 11:32:53','2026-05-15 11:32:53'),(181,'199','ele_1',1,'1','2026-05-15 11:32:53','2026-05-15 11:32:53'),(182,'201','ele_1',1,'1','2026-05-15 11:32:53','2026-05-15 11:32:53'),(183,'203','ele_1',1,'1','2026-05-15 11:32:53','2026-05-15 11:32:53'),(184,'205','ele_1',1,'1','2026-05-15 11:32:53','2026-05-15 11:32:53'),(185,'207','ele_1',1,'1','2026-05-15 11:32:53','2026-05-15 11:32:53'),(186,'208','ele_1',1,'1','2026-05-15 11:32:53','2026-05-15 11:32:53'),(187,'209','ele_1',1,'1','2026-05-15 11:32:53','2026-05-15 11:32:53'),(188,'210','ele_1',1,'1','2026-05-15 11:32:53','2026-05-15 11:32:53'),(189,'211','ele_1',1,'1','2026-05-15 11:32:53','2026-05-15 11:32:53'),(190,'212','ele_1',1,'1','2026-05-15 11:32:53','2026-05-15 11:32:53'),(191,'213','ele_1',1,'1','2026-05-15 11:32:53','2026-05-15 11:32:53'),(192,'214','ele_1',1,'1','2026-05-15 11:32:53','2026-05-15 11:32:53'),(193,'215','ele_1',1,'1','2026-05-15 11:32:53','2026-05-15 11:32:53'),(194,'216','ele_1',1,'1','2026-05-15 11:32:53','2026-05-15 11:32:53'),(195,'217','ele_1',1,'1','2026-05-15 11:32:53','2026-05-15 11:32:53'),(196,'220','ele_1',1,'1','2026-05-15 11:32:53','2026-05-15 11:32:53'),(197,'221','ele_1',1,'1','2026-05-15 11:32:53','2026-05-15 11:32:53'),(198,'222','ele_1',1,'1','2026-05-15 11:32:53','2026-05-15 11:32:53'),(199,'223','ele_1',1,'1','2026-05-15 11:32:53','2026-05-15 11:32:53'),(200,'224','ele_1',1,'1','2026-05-15 11:32:53','2026-05-15 11:32:53'),(201,'225','ele_1',1,'1','2026-05-15 11:32:53','2026-05-15 11:32:53'),(202,'226','ele_1',1,'1','2026-05-15 11:32:53','2026-05-15 11:32:53'),(203,'227','ele_1',1,'1','2026-05-15 11:32:53','2026-05-15 11:32:53'),(204,'228','ele_1',1,'1','2026-05-15 11:32:53','2026-05-15 11:32:53'),(205,'229','ele_1',1,'1','2026-05-15 11:32:53','2026-05-15 11:32:53'),(206,'230','ele_1',1,'1','2026-05-15 11:32:53','2026-05-15 11:32:53'),(207,'231','ele_1',1,'1','2026-05-15 11:32:53','2026-05-15 11:32:53'),(208,'232','ele_1',1,'1','2026-05-15 11:32:53','2026-05-15 11:32:53'),(209,'234','ele_1',1,'1','2026-05-15 11:32:53','2026-05-15 11:32:53'),(210,'235','ele_1',1,'1','2026-05-15 11:32:53','2026-05-15 11:32:53'),(211,'236','ele_1',1,'1','2026-05-15 11:32:53','2026-05-15 11:32:53'),(212,'238','ele_1',1,'1','2026-05-15 11:32:53','2026-05-15 11:32:53'),(213,'239','ele_1',1,'1','2026-05-15 11:32:53','2026-05-15 11:32:53'),(214,'240','ele_1',1,'1','2026-05-15 11:32:53','2026-05-15 11:32:53'),(215,'241','ele_1',1,'1','2026-05-15 11:32:53','2026-05-15 11:32:53'),(216,'242','ele_1',1,'1','2026-05-15 11:32:53','2026-05-15 11:32:53'),(217,'244','ele_1',1,'1','2026-05-15 11:32:53','2026-05-15 11:32:53'),(218,'245','ele_1',1,'1','2026-05-15 11:32:53','2026-05-15 11:32:53'),(219,'246','ele_1',1,'1','2026-05-15 11:32:53','2026-05-15 11:32:53'),(220,'247','ele_1',1,'1','2026-05-15 11:32:53','2026-05-15 11:32:53'),(221,'248','ele_1',1,'1','2026-05-15 11:32:53','2026-05-15 11:32:53'),(222,'249','ele_1',1,'1','2026-05-15 11:32:53','2026-05-15 11:32:53'),(223,'250','ele_1',1,'1','2026-05-15 11:32:53','2026-05-15 11:32:53'),(224,'251','ele_1',1,'1','2026-05-15 11:32:53','2026-05-15 11:32:53'),(225,'252','ele_1',1,'1','2026-05-15 11:32:53','2026-05-15 11:32:53'),(226,'253','ele_1',1,'1','2026-05-15 11:32:53','2026-05-15 11:32:53'),(227,'256','ele_1',1,'1','2026-05-15 11:32:53','2026-05-15 11:32:53'),(228,'257','ele_1',1,'1','2026-05-15 11:32:53','2026-05-15 11:32:53'),(229,'258','ele_1',1,'1','2026-05-15 11:32:53','2026-05-15 11:32:53'),(230,'259','ele_1',1,'1','2026-05-15 11:32:53','2026-05-15 11:32:53'),(231,'261','ele_1',1,'1','2026-05-15 11:32:53','2026-05-15 11:32:53'),(232,'262','ele_1',1,'1','2026-05-15 11:32:53','2026-05-15 11:32:53'),(233,'263','ele_1',1,'1','2026-05-15 11:32:53','2026-05-15 11:32:53'),(234,'264','ele_1',1,'1','2026-05-15 11:32:53','2026-05-15 11:32:53'),(235,'266','ele_1',1,'1','2026-05-15 11:32:53','2026-05-15 11:32:53'),(236,'267','ele_1',1,'1','2026-05-15 11:32:53','2026-05-15 11:32:53'),(237,'268','ele_1',1,'1','2026-05-15 11:32:53','2026-05-15 11:32:53'),(238,'269','ele_1',1,'1','2026-05-15 11:32:53','2026-05-15 11:32:53'),(239,'270','ele_1',1,'1','2026-05-15 11:32:53','2026-05-15 11:32:53'),(240,'271','ele_1',1,'1','2026-05-15 11:32:53','2026-05-15 11:32:53'),(241,'272','ele_1',1,'1','2026-05-15 11:32:53','2026-05-15 11:32:53'),(242,'273','ele_1',1,'1','2026-05-15 11:32:53','2026-05-15 11:32:53'),(243,'274','ele_1',1,'1','2026-05-15 11:32:53','2026-05-15 11:32:53'),(244,'275','ele_1',1,'1','2026-05-15 11:32:53','2026-05-15 11:32:53'),(245,'276','ele_1',1,'1','2026-05-15 11:32:53','2026-05-15 11:32:53'),(246,'277','ele_1',1,'1','2026-05-15 11:32:53','2026-05-15 11:32:53'),(247,'278','ele_1',1,'1','2026-05-15 11:32:53','2026-05-15 11:32:53'),(248,'279','ele_1',1,'1','2026-05-15 11:32:53','2026-05-15 11:32:53'),(249,'280','ele_1',1,'1','2026-05-15 11:32:53','2026-05-15 11:32:53'),(250,'281','ele_1',1,'1','2026-05-15 11:32:53','2026-05-15 11:32:53'),(251,'282','ele_1',1,'1','2026-05-15 11:32:53','2026-05-15 11:32:53'),(252,'283','ele_1',1,'1','2026-05-15 11:32:53','2026-05-15 11:32:53'),(253,'284','ele_1',1,'1','2026-05-15 11:32:53','2026-05-15 11:32:53'),(254,'285','ele_1',1,'1','2026-05-15 11:32:53','2026-05-15 11:32:53'),(255,'286','ele_1',1,'1','2026-05-15 11:32:53','2026-05-15 11:32:53'),(256,'287','ele_1',1,'1','2026-05-15 11:32:53','2026-05-15 11:32:53'),(257,'288','ele_1',1,'1','2026-05-15 11:32:53','2026-05-15 11:32:53'),(258,'289','ele_1',1,'1','2026-05-15 11:32:53','2026-05-15 11:32:53'),(259,'290','ele_1',1,'1','2026-05-15 11:32:53','2026-05-15 11:32:53'),(260,'291','ele_1',1,'1','2026-05-15 11:32:53','2026-05-15 11:32:53'),(261,'293','ele_1',1,'1','2026-05-15 11:32:53','2026-05-15 11:32:53'),(262,'294','ele_1',1,'1','2026-05-15 11:32:53','2026-05-15 11:32:53'),(263,'295','ele_1',1,'1','2026-05-15 11:32:53','2026-05-15 11:32:53'),(264,'296','ele_1',1,'1','2026-05-15 11:32:53','2026-05-15 11:32:53'),(265,'297','ele_1',1,'1','2026-05-15 11:32:53','2026-05-15 11:32:53'),(266,'298','ele_1',1,'1','2026-05-15 11:32:53','2026-05-15 11:32:53'),(267,'299','ele_1',1,'1','2026-05-15 11:32:53','2026-05-15 11:32:53'),(268,'300','ele_1',1,'1','2026-05-15 11:32:53','2026-05-15 11:32:53'),(269,'301','ele_1',1,'1','2026-05-15 11:32:53','2026-05-15 11:32:53'),(270,'302','ele_1',1,'1','2026-05-15 11:32:53','2026-05-15 11:32:53'),(271,'303','ele_1',1,'1','2026-05-15 11:32:53','2026-05-15 11:32:53'),(272,'306','ele_1',1,'1','2026-05-15 11:32:53','2026-05-15 11:32:53'),(273,'307','ele_1',1,'1','2026-05-15 11:32:53','2026-05-15 11:32:53'),(274,'308','ele_1',1,'1','2026-05-15 11:32:53','2026-05-15 11:32:53'),(275,'309','ele_1',1,'1','2026-05-15 11:32:53','2026-05-15 11:32:53'),(276,'310','ele_1',1,'1','2026-05-15 11:32:53','2026-05-15 11:32:53'),(277,'311','ele_1',1,'1','2026-05-15 11:32:53','2026-05-15 11:32:53'),(278,'312','ele_1',1,'1','2026-05-15 11:32:53','2026-05-15 11:32:53'),(279,'313','ele_1',1,'1','2026-05-15 11:32:53','2026-05-15 11:32:53'),(280,'314','ele_1',1,'1','2026-05-15 11:32:53','2026-05-15 11:32:53'),(281,'315','ele_1',1,'1','2026-05-15 11:32:53','2026-05-15 11:32:53'),(282,'316','ele_1',1,'1','2026-05-15 11:32:53','2026-05-15 11:32:53'),(283,'317','ele_1',1,'1','2026-05-15 11:32:53','2026-05-15 11:32:53'),(284,'318','ele_1',1,'1','2026-05-15 11:32:53','2026-05-15 11:32:53'),(285,'319','ele_1',1,'1','2026-05-15 11:32:53','2026-05-15 11:32:53');
/*!40000 ALTER TABLE `voters` ENABLE KEYS */;
UNLOCK TABLES;

--
-- Table structure for table `voters_group`
--

DROP TABLE IF EXISTS `voters_group`;
/*!40101 SET @saved_cs_client     = @@character_set_client */;
/*!50503 SET character_set_client = utf8mb4 */;
CREATE TABLE `voters_group` (
  `idvoters_group` bigint NOT NULL AUTO_INCREMENT,
  `voter_group_code` varchar(45) CHARACTER SET utf8mb3 COLLATE utf8mb3_unicode_ci DEFAULT NULL,
  `voter_group_name` varchar(45) CHARACTER SET utf8mb3 COLLATE utf8mb3_unicode_ci DEFAULT NULL,
  `election_code` varchar(45) CHARACTER SET utf8mb3 COLLATE utf8mb3_unicode_ci DEFAULT NULL,
  `description` text CHARACTER SET utf8mb3 COLLATE utf8mb3_unicode_ci,
  `created_at` timestamp NULL DEFAULT CURRENT_TIMESTAMP,
  `updated_at` timestamp NULL DEFAULT CURRENT_TIMESTAMP ON UPDATE CURRENT_TIMESTAMP,
  PRIMARY KEY (`idvoters_group`)
) ENGINE=InnoDB AUTO_INCREMENT=2 DEFAULT CHARSET=utf8mb3 COLLATE=utf8mb3_unicode_ci;
/*!40101 SET character_set_client = @saved_cs_client */;

--
-- Dumping data for table `voters_group`
--

LOCK TABLES `voters_group` WRITE;
/*!40000 ALTER TABLE `voters_group` DISABLE KEYS */;
INSERT INTO `voters_group` VALUES (1,'1','الهيئة العامة 2026','ele_1','','2026-05-15 11:32:53','2026-05-15 11:32:53');
/*!40000 ALTER TABLE `voters_group` ENABLE KEYS */;
UNLOCK TABLES;

--
-- Final view structure for view `v1`
--

/*!50001 DROP VIEW IF EXISTS `v1`*/;
/*!50001 SET @saved_cs_client          = @@character_set_client */;
/*!50001 SET @saved_cs_results         = @@character_set_results */;
/*!50001 SET @saved_col_connection     = @@collation_connection */;
/*!50001 SET character_set_client      = utf8mb4 */;
/*!50001 SET character_set_results     = utf8mb4 */;
/*!50001 SET collation_connection      = utf8mb4_unicode_ci */;
/*!50001 CREATE ALGORITHM=UNDEFINED */
/*!50013 DEFINER=`root`@`localhost` SQL SECURITY DEFINER */
/*!50001 VIEW `v1` AS select `profiles`.`profile_code` AS `profile_code`,`profiles`.`full_name` AS `full_name`,`profiles`.`sex` AS `sex`,ifnull(`profiles`.`mobile`,'') AS `mobile`,ifnull(`voters`.`voter_group_code`,'') AS `voter_group_code` from (`profiles` join `voters` on(((`profiles`.`profile_code` = `voters`.`profile_code`) and (`voters`.`election_code` = 'ele_1')))) group by `profiles`.`profile_code` */;
/*!50001 SET character_set_client      = @saved_cs_client */;
/*!50001 SET character_set_results     = @saved_cs_results */;
/*!50001 SET collation_connection      = @saved_col_connection */;

--
-- Final view structure for view `v2`
--

/*!50001 DROP VIEW IF EXISTS `v2`*/;
/*!50001 SET @saved_cs_client          = @@character_set_client */;
/*!50001 SET @saved_cs_results         = @@character_set_results */;
/*!50001 SET @saved_col_connection     = @@collation_connection */;
/*!50001 SET character_set_client      = utf8mb4 */;
/*!50001 SET character_set_results     = utf8mb4 */;
/*!50001 SET collation_connection      = utf8mb4_unicode_ci */;
/*!50001 CREATE ALGORITHM=UNDEFINED */
/*!50013 DEFINER=`root`@`localhost` SQL SECURITY DEFINER */
/*!50001 VIEW `v2` AS select `v1`.`profile_code` AS `profile_code`,`v1`.`full_name` AS `full_name`,`v1`.`sex` AS `sex`,`v1`.`mobile` AS `mobile`,`voters_group`.`voter_group_name` AS `voter_group_name`,`v1`.`voter_group_code` AS `voter_group_code` from (`v1` left join `voters_group` on(((`v1`.`voter_group_code` = `voters_group`.`voter_group_code`) and (`voters_group`.`election_code` = 'ele_1')))) group by `v1`.`profile_code` */;
/*!50001 SET character_set_client      = @saved_cs_client */;
/*!50001 SET character_set_results     = @saved_cs_results */;
/*!50001 SET collation_connection      = @saved_col_connection */;
/*!40103 SET TIME_ZONE=@OLD_TIME_ZONE */;

/*!40101 SET SQL_MODE=@OLD_SQL_MODE */;
/*!40014 SET FOREIGN_KEY_CHECKS=@OLD_FOREIGN_KEY_CHECKS */;
/*!40014 SET UNIQUE_CHECKS=@OLD_UNIQUE_CHECKS */;
/*!40101 SET CHARACTER_SET_CLIENT=@OLD_CHARACTER_SET_CLIENT */;
/*!40101 SET CHARACTER_SET_RESULTS=@OLD_CHARACTER_SET_RESULTS */;
/*!40101 SET COLLATION_CONNECTION=@OLD_COLLATION_CONNECTION */;
/*!40111 SET SQL_NOTES=@OLD_SQL_NOTES */;

-- Dump completed on 2026-05-20 22:49:20
